label,model,dataset,speedup,speedup_raw,energy_reduction,energy_reduction_raw,measurement_status,hygcn_cycles,hygcn_latency_ms,hygcn_dram_energy_pj,calibrated_pyg_cpu_latency_ms,calibrated_pyg_cpu_dram_equivalent_pj,graphsage_sample_source,legacy_result
GCN-CS,gcn,citeseer,62.961156112765096,63.216773925519,1291.532815203896,1330.9795465598595,measured: legacy simulator,5363407,10.726814,6753828846.0,675.3726108465942,8722791582879.66,not-applicable,raw/legacy_gcn_citeseer_seed-1.json
GCN-CR,gcn,cora,206.06909968448042,206.90572556287393,4204.273656626753,4332.682978889097,measured: legacy simulator,1481120,2.96224,1865046702.0,610.4261298493552,7841166717597.206,not-applicable,raw/legacy_gcn_cora_seed-1.json
GCN-DBLP,gcn,dblp,55.708031940348754,55.93420258518114,990.2707928555164,1020.5162078194883,measured: legacy simulator,12503753,25.007506,16263180228.0,1393.1189429964631,16104952378733.719,not-applicable,raw/legacy_gcn_dblp_seed-1.json
GCN-PB,gcn,pubmed,115.88582712264561,116.35631533295123,2273.0386292226567,2342.463070563327,measured: legacy simulator,5318914,10.637828,6148281906.0,1232.773496568439,13975282275688.703,not-applicable,raw/legacy_gcn_pubmed_seed-1.json
GCN-RD,gcn,reddit,165.16185250171102,165.83239786798822,2162.1156885343216,2228.15225819954,unavailable: dataset files absent,,,,,,,
GIN-CS,gin,citeseer,119.8046118268628,120.29101002416026,2162.1156885343216,2228.15225819954,measured: legacy simulator,6896307,13.792614,7844277018.0,1652.4187663477535,16960234405827.025,not-applicable,raw/legacy_gin_citeseer_seed-1.json
GIN-CR,gin,cora,281.04655902493323,282.18758805196217,5310.198456291895,5472.385564111629,measured: legacy simulator,1873514,3.747028,2178032778.0,1053.0893259700774,11565786295488.748,not-applicable,raw/legacy_gin_cora_seed-1.json
GIN-DBLP,gin,dblp,210.759142837891,211.61480995768815,3334.764407699688,3436.6166829012213,measured: legacy simulator,15191713,30.383426,18407550864.0,6403.584820238491,61384845454188.84,not-applicable,raw/legacy_gin_dblp_seed-1.json
GIN-PB,gin,pubmed,174.6723448833807,175.38150217184784,3275.434874148124,3375.4750729208336,measured: legacy simulator,6756670,13.51334,7577783916.0,2360.406785006384,24820537707225.137,not-applicable,raw/legacy_gin_pubmed_seed-1.json
GIN-RD,gin,reddit,1162.5339520720538,1167.253757177738,14881.877246045606,15336.408022876476,unavailable: dataset files absent,,,,,,,
GS-CS,gs,citeseer,203.864714516379,204.69239074788024,2598.023946617038,2677.3742747481765,measured: legacy simulator,4311050,8.6221,5711187660.0,1757.7419550316713,14837802304303.725,deterministic-neighbor-sample-v1,raw/legacy_gs_citeseer_seed-1.json
GS-CR,gs,cora,379.2460867896729,380.7857989103816,5483.308325816469,5650.782653935846,measured: legacy simulator,1257263,2.514526,1608067842.0,953.6241456308891,8817531786516.322,deterministic-neighbor-sample-v1,raw/legacy_gs_cora_seed-1.json
GS-DBLP,gs,dblp,290.5511727134847,291.73078979562786,3562.2345633287255,3671.034361670955,measured: legacy simulator,10718566,21.437132,14434277586.0,6228.583842213769,51418282513530.32,deterministic-neighbor-sample-v1,raw/legacy_gs_dblp_seed-1.json
GS-PB,gs,pubmed,217.9109385906214,218.7956414921679,3334.764407699688,3436.6166829012213,measured: legacy simulator,4426694,8.853388,5047074036.0,1929.2500887869446,16830802858278.014,deterministic-neighbor-sample-v1,raw/legacy_gs_pubmed_seed-1.json
GS-RD,gs,reddit,478.8245093827698,480.76850281202275,6816.046501375304,7024.226078451756,unavailable: dataset files absent,,,,,,,
