metric,scope,paper_target,before_v8,after_v9,after_relative_error,after_result,relative_change_from_v8
sparsity_speedup,cora,1.082102000,1.067903187,1.068573666,0.012501903,PASS,0.000627846
sparsity_speedup,citeseer,2.883223000,2.866658113,2.930315011,0.016333114,PASS,0.022205961
sparsity_speedup,pubmed,1.115278000,1.105366495,1.127158662,0.010652646,PASS,0.019714879
sparsity_ae_dram_ratio,cora,0.879502000,0.930626422,0.930626422,0.058128830,PASS,0.000000000
sparsity_ae_dram_ratio,citeseer,0.339962000,0.336941692,0.336941692,0.008884251,PASS,0.000000000
sparsity_ae_dram_ratio,pubmed,0.896637000,0.885984607,0.885984607,0.011880385,PASS,0.000000000
pipeline_speedup,cora,2.125024000,1.951856000,1.951892164,0.081472885,PASS,0.000018528
pipeline_speedup,citeseer,1.842621000,2.179590883,2.178639581,0.182359032,PASS,-0.000436459
pipeline_speedup,pubmed,1.366562000,1.623950886,1.632293586,0.194452638,PASS,0.005137286
pipeline_dram_ratio,cora,0.501466000,0.594713920,0.594713920,0.185950633,PASS,0.000000000
pipeline_dram_ratio,citeseer,0.535832000,0.632559009,0.632559009,0.180517417,PASS,0.000000000
pipeline_dram_ratio,pubmed,0.731763000,0.786438270,0.786438270,0.074717182,PASS,0.000000000
coordination_speedup,aggregate,3.700000000,3.265967625,4.208020114,0.137302734,PASS,0.288445140
coordination_bandwidth_gain,aggregate,4.000000000,3.265967625,4.208020114,0.052005029,PASS,0.288445140
