scenario,acceptance_role,scope,coordination_speedup,coordination_bandwidth_gain,priority_incremental_speedup,priority_incremental_bandwidth_gain,priority_incremental_row_hit_ratio
baseline,required_external_baseline,aggregate,4.208020114189669,4.208020114189668,1.0378019990844303,1.03780199908443,1.0527164229589256
baseline,required_external_baseline,cora,3.61767246205275,3.61767246205275,1.0173821595943764,1.0173821595943764,1.0507095484024842
baseline,required_external_baseline,citeseer,4.333263711537914,4.333263711537914,1.0409443970503867,1.0409443970503867,1.0371310966138552
baseline,required_external_baseline,pubmed,4.673124168978341,4.67312416897834,1.0550794406085273,1.055079440608527,1.0703086238604373
direction_switching_slow,diagnostic,aggregate,4.209045000786881,4.209045000786881,1.0422793919206017,1.0422793919206017,1.0541387409594665
direction_switching_slow,diagnostic,cora,3.61767246205275,3.61767246205275,1.0173821595943764,1.0173821595943764,1.052379074055388
direction_switching_slow,diagnostic,citeseer,4.335764671098048,4.335764671098048,1.0409443970503867,1.0409443970503867,1.0377520745885342
direction_switching_slow,diagnostic,pubmed,4.673697869209846,4.673697869209846,1.0685116191170416,1.0685116191170416,1.0722850742344772
dram_timing_fast,diagnostic,aggregate,3.4813809704845244,3.481380970484525,1.0355874531495788,1.0355874531495788,1.0560195216065196
dram_timing_fast,diagnostic,cora,3.014073770952186,3.0140737709521863,1.0172873087323175,1.0172873087323175,1.053800302618105
dram_timing_fast,diagnostic,citeseer,3.589235391515072,3.589235391515072,1.0416817439170147,1.0416817439170147,1.0394210733309412
dram_timing_fast,diagnostic,pubmed,3.8408337489863156,3.840833748986316,1.047793306799404,1.0477933067994043,1.0748371888705122
dram_timing_slow,diagnostic,aggregate,4.325616317983465,4.325616317983465,1.0229483883460944,1.0229483883460944,1.0612214210094473
dram_timing_slow,diagnostic,cora,3.8602329849437,3.8602329849436994,1.0053890118049298,1.0053890118049298,1.0736256697858246
dram_timing_slow,diagnostic,citeseer,4.457417532540749,4.457417532540749,1.0190591036698282,1.0190591036698282,1.0369982123383166
dram_timing_slow,diagnostic,pubmed,4.659198436465945,4.659198436465945,1.0443970495635249,1.0443970495635249,1.0730403809042004
legacy_12_28_timing,diagnostic,aggregate,4.258904901891371,4.258904901891371,1.0402240450654496,1.0402240450654496,1.0530300622635693
legacy_12_28_timing,diagnostic,cora,3.6586516171321684,3.658651617132168,1.0179139554589203,1.01791395545892,1.0533263597686489
legacy_12_28_timing,diagnostic,citeseer,4.387520950392451,4.387520950392451,1.0427706411328184,1.0427706411328184,1.0367495341936375
legacy_12_28_timing,diagnostic,pubmed,4.730542138149492,4.730542138149492,1.0599875386046105,1.0599875386046105,1.069014292828422
neighbor_delay_0,diagnostic,aggregate,4.207964066719165,4.207964066719165,1.0377915914178153,1.0377915914178155,1.0526148499570713
neighbor_delay_0,diagnostic,cora,3.6178460603346236,3.617846060334624,1.0174309798777952,1.0174309798777954,1.0509954470261957
neighbor_delay_0,diagnostic,citeseer,4.333063900367668,4.333063900367668,1.0408963980519454,1.0408963980519454,1.0363531635083358
neighbor_delay_0,diagnostic,pubmed,4.672982239455203,4.672982239455203,1.0550473963237055,1.0550473963237055,1.0704959393366822
neighbor_delay_4,diagnostic,aggregate,4.207577158444542,4.207577158444541,1.0379510723431717,1.0379510723431717,1.0531272956128774
neighbor_delay_4,diagnostic,cora,3.6162846026814455,3.616284602681446,1.0173618191923675,1.0173618191923677,1.0514372903537499
neighbor_delay_4,diagnostic,citeseer,4.333287219945939,4.333287219945938,1.0409500442824147,1.0409500442824147,1.0374995685340513
neighbor_delay_4,diagnostic,pubmed,4.67315965270624,4.67315965270624,1.0555413535547327,1.0555413535547327,1.070445027950831
row_first_interleave_2,diagnostic,aggregate,6.583224696062598,6.583224696062598,1.0378019990844303,1.03780199908443,1.0527164229589256
row_first_interleave_2,diagnostic,cora,5.6145655059899875,5.614565505989987,1.0173821595943764,1.0173821595943764,1.0507095484024842
row_first_interleave_2,diagnostic,citeseer,6.8487638288551596,6.84876382885516,1.0409443970503867,1.0409443970503867,1.0371310966138552
row_first_interleave_2,diagnostic,pubmed,7.2863447533426475,7.286344753342647,1.0550794406085273,1.055079440608527,1.0703086238604373
single_hbm_stack_128gbps,diagnostic,aggregate,2.292548956798527,2.2925489567985267,1.030455059644317,1.0304550596443167,1.0631786655475128
single_hbm_stack_128gbps,diagnostic,cora,2.140608398774136,2.140608398774136,1.0183076843164014,1.0183076843164014,1.073256210020406
single_hbm_stack_128gbps,diagnostic,citeseer,2.3476014818899813,2.3476014818899813,1.0248489414502924,1.0248489414502924,1.0408566498658927
single_hbm_stack_128gbps,diagnostic,pubmed,2.389436989731464,2.3894369897314633,1.0482085531662568,1.0482085531662566,1.0754231367562397
write_timing_slow,diagnostic,aggregate,4.237515027959543,4.237515027959543,1.0417029724559255,1.0417029724559257,1.0548422265058475
write_timing_slow,diagnostic,cora,3.6197953197730026,3.6197953197730026,1.0173515908945991,1.0173515908945994,1.0530685942655158
write_timing_slow,diagnostic,citeseer,4.35833603401915,4.358336034019149,1.0409360690037657,1.0409360690037657,1.038270095564153
write_timing_slow,diagnostic,pubmed,4.7344137300864775,4.734413730086478,1.0668212574694114,1.0668212574694116,1.073187989687873
