file,compressed_bytes,compressed_sha256,uncompressed_bytes,uncompressed_sha256
paper_paper_gcn_citeseer_latency-aware_independent_sparse-off_priority-batch-class_mapping-low-bits_seed-1_scope-aggregation_layer-0.json.gz,1559676,a5c28393c65f2d90c32e0ec8393137e47e6d2f2576ac125ecf68643db0c81981,191445002,bd5c45ffef0195ff3b7c45916426196435ba129aa978b2d86fb953dc8dbd2fe2
paper_paper_gcn_citeseer_latency-aware_independent_sparse-on_priority-batch-class_mapping-low-bits_seed-1_layer-0.json.gz,974836,7c69d08a1d8a3bc443bbcd377ded3feaae8c905ac8ac933d4601116d7d3b73a2,68839898,748cd6950b60c2f5093f04d87aa403a26b3a91a9659fa8ffe3b5183b2b6dd09e
paper_paper_gcn_citeseer_latency-aware_independent_sparse-on_priority-batch-class_mapping-low-bits_seed-1_scope-aggregation_layer-0.json.gz,838382,4a9d8b1dd82707f4cd0ef45e6745845dff68d4309de25163ed386307895d6ed9,67553491,97e4e9d46a0ccf1559f13e90d2baa5d4a39247831621b70530521afd3dd3cbdd
paper_paper_gcn_citeseer_latency-aware_independent_sparse-on_priority-batch-class_mapping-row-first_seed-1_layer-0.json.gz,10421251,4dbd377a53e7d25c0af26a34d03a99719158c1c60a46c2ea7a6ade34f1008048,74945364,68c3144360704030af1cd5ab50d0ab1cf158ab85170875471792e8fb6fbed379
paper_paper_gcn_citeseer_latency-aware_independent_sparse-on_priority-fifo_mapping-low-bits_seed-1_layer-0.json.gz,743837,7fe895799858ef7ef08f07f5d03d07e6f8d8a875a08caa0a3e3a6fe1a916de23,68723890,88869c687bac6b452323a25ea529f896bd52ba44649a6ca5177211ac055c1c76
paper_paper_gcn_citeseer_latency-aware_independent_sparse-on_priority-fifo_mapping-row-first_seed-1_layer-0.json.gz,3375972,cf07b88c9820617b431715b777d157b2463a9202c2ea150fabe4396329b16f19,69555698,0ae2dd4d070129c53f274cd511fdabe8c2ed413632dfa729c95ee4f2526a22f2
paper_paper_gcn_citeseer_sequential_independent_sparse-on_priority-batch-class_mapping-low-bits_seed-1_layer-0.json.gz,1046670,b73a2358b095e7dc50230b94f8ab7edf86101f7356483a90027f661783a610fb,104457032,4d0173cd46d655efc9eb55ca3e4ae7c6fe65c8b5f566e4f8db12705e228c3ca0
paper_paper_gcn_cora_latency-aware_independent_sparse-off_priority-batch-class_mapping-low-bits_seed-1_scope-aggregation_layer-0.json.gz,155575,bca6bd61f6287d4bbfc86d7b0ef3d2db04194b6366710878ab206cf99dff29bb,18149411,eb47d28764735d6246fa4f65a2e13cce4d6a51f82f9d63dde04282522c25a6f2
paper_paper_gcn_cora_latency-aware_independent_sparse-on_priority-batch-class_mapping-low-bits_seed-1_layer-0.json.gz,173756,f9374464bc5107a5bb7f03474015bd39dfbf0c73eab2ee8d9ee9aca9afbac16e,17710721,189b8e1b6c3c50139706a1db691b932c7a7f731dbd53a55b8bfbeb8aee31d0ef
paper_paper_gcn_cora_latency-aware_independent_sparse-on_priority-batch-class_mapping-low-bits_seed-1_scope-aggregation_layer-0.json.gz,164287,72708515ebad236bf042525c77efbf4b2e0f818e68428c9475e1b04440ddd3ed,16938222,812c1f455a41eef41730bbe1ce12e8dfa333d7ea1f247f607f0b521da2a3820e
paper_paper_gcn_cora_latency-aware_independent_sparse-on_priority-batch-class_mapping-row-first_seed-1_layer-0.json.gz,2180290,338f87b15040f77a66e67a83d9c083eb3b7587f519179aed9771d67ad34ad40b,18376227,76d57e5a9a6e20b4687b0eb2dfa09360fa6ae55b5a3f325054259a4b475fd3c4
paper_paper_gcn_cora_latency-aware_independent_sparse-on_priority-fifo_mapping-low-bits_seed-1_layer-0.json.gz,154669,9b47dc85d34a4e86bde692bb494f1e6bf74e95c274b0d2ba263486dc4ab3e156,17698446,5acd644698053c5eb0d74755d7e2faa363646e3fe33c31305c47755b7bf85ce1
paper_paper_gcn_cora_latency-aware_independent_sparse-on_priority-fifo_mapping-row-first_seed-1_layer-0.json.gz,547314,28acb18bae9e735f6f79e34dd8cb0e6c407389e21e67b13fdf740ca5bea39b92,17759124,3de0b40cf61da20fc361dfa8e625a4136d4762fdd6884c77dca8dfb623326892
paper_paper_gcn_cora_sequential_independent_sparse-on_priority-batch-class_mapping-low-bits_seed-1_layer-0.json.gz,221920,07bf41da06b63b5366c3edff3f892abdebbffb2d96182acdb950b5097cc02a71,28928417,ded75c942f013765b5a3f281d76b8f9ddfc62611400719a2e51e665eeb362186
paper_paper_gcn_pubmed_latency-aware_independent_sparse-off_priority-batch-class_mapping-low-bits_seed-1_scope-aggregation_layer-0.json.gz,987285,cb80dfd2a293eec29a375257c7c8273d7ec9af666f6855f9dd8a3e0b4c211a4d,124707209,5caa48d25f112a8e0c6da0230f990e42e42dafe037a860d5641b4081009b481a
paper_paper_gcn_pubmed_latency-aware_independent_sparse-on_priority-batch-class_mapping-low-bits_seed-1_layer-0.json.gz,1131740,683af9018fb332e997f4a3266af90cad788fe2014f36eec50f7eff910bf1553e,114731201,59dda0df2a598ca792dec1293021e85f0efa22ae66b27a8d2cbe4a1d54016baa
paper_paper_gcn_pubmed_latency-aware_independent_sparse-on_priority-batch-class_mapping-low-bits_seed-1_scope-aggregation_layer-0.json.gz,912069,c8c6ddc5b9006394cc23dcdcda609c5d306c28f7d2eb92cf5ee3791b7fa914b6,110940321,872f8fcb591e33596cb367d8d4b5a63610793ad934af5335e6a54ae4bf11b080
paper_paper_gcn_pubmed_latency-aware_independent_sparse-on_priority-batch-class_mapping-row-first_seed-1_layer-0.json.gz,15580979,89ebd8c1851b81648fade1d7e3a9d8fb31b4875ff64b70398b1a6fff2209412a,122592683,fc2507e41a3f0064b640510f62ab6b3d48eec719e73ef62f9e5359d323399144
paper_paper_gcn_pubmed_latency-aware_independent_sparse-on_priority-fifo_mapping-low-bits_seed-1_layer-0.json.gz,933163,69d3d1d25f5284cc93cb347d21c3a33dc7180be7308d2c60efd90583b44cecae,114627283,a7ef9fa25f4299d338a21cf80702b21a2f4aad2e4b897d6d45d6caff11e49174
paper_paper_gcn_pubmed_latency-aware_independent_sparse-on_priority-fifo_mapping-row-first_seed-1_layer-0.json.gz,3707851,738f14e349dff21faf06e174807bff8cc9d800e2d014b2b3a1b12cb2f1fe9842,115000000,b21a3d2ff4a668efe4562d359dca8f8b4247717614727d983110594dd64aa89b
paper_paper_gcn_pubmed_sequential_independent_sparse-on_priority-batch-class_mapping-low-bits_seed-1_layer-0.json.gz,1160889,45d3900583000356390b9443c59e50dea7313e49bdc3c12e7789a9fca67152ec,143794099,de31c8303a3f9f3a2d85021888366abcdd9a88d73e7e2cb8256caba967b91129
