run,dataset,priority,mapping,request_class,row_hits,row_misses,row_hit_rate
paper_paper_gcn_citeseer_latency-aware_independent_sparse-off_priority-batch-class_mapping-low-bits_seed-1_scope-aggregation_layer-0.json,citeseer,batch-class,low-bits,edge,1639,128,0.9275608375778155
paper_paper_gcn_citeseer_latency-aware_independent_sparse-off_priority-batch-class_mapping-low-bits_seed-1_scope-aggregation_layer-0.json,citeseer,batch-class,low-bits,input,7476720,241920,0.9686576909921956
paper_paper_gcn_citeseer_latency-aware_independent_sparse-off_priority-batch-class_mapping-low-bits_seed-1_scope-aggregation_layer-0.json,citeseer,batch-class,low-bits,intermediate_read,0,0,0.0
paper_paper_gcn_citeseer_latency-aware_independent_sparse-off_priority-batch-class_mapping-low-bits_seed-1_scope-aggregation_layer-0.json,citeseer,batch-class,low-bits,intermediate_write,0,0,0.0
paper_paper_gcn_citeseer_latency-aware_independent_sparse-off_priority-batch-class_mapping-low-bits_seed-1_scope-aggregation_layer-0.json,citeseer,batch-class,low-bits,output,0,0,0.0
paper_paper_gcn_citeseer_latency-aware_independent_sparse-off_priority-batch-class_mapping-low-bits_seed-1_scope-aggregation_layer-0.json,citeseer,batch-class,low-bits,weight,0,0,0.0
paper_paper_gcn_citeseer_latency-aware_independent_sparse-on_priority-batch-class_mapping-low-bits_seed-1_layer-0.json,citeseer,batch-class,low-bits,edge,1061,706,0.6004527447651387
paper_paper_gcn_citeseer_latency-aware_independent_sparse-on_priority-batch-class_mapping-low-bits_seed-1_layer-0.json,citeseer,batch-class,low-bits,input,2367513,232047,0.9107360476388312
paper_paper_gcn_citeseer_latency-aware_independent_sparse-on_priority-batch-class_mapping-low-bits_seed-1_layer-0.json,citeseer,batch-class,low-bits,intermediate_read,0,0,0.0
paper_paper_gcn_citeseer_latency-aware_independent_sparse-on_priority-batch-class_mapping-low-bits_seed-1_layer-0.json,citeseer,batch-class,low-bits,intermediate_write,0,0,0.0
paper_paper_gcn_citeseer_latency-aware_independent_sparse-on_priority-batch-class_mapping-low-bits_seed-1_layer-0.json,citeseer,batch-class,low-bits,output,24541,2075,0.922039374812143
paper_paper_gcn_citeseer_latency-aware_independent_sparse-on_priority-batch-class_mapping-low-bits_seed-1_layer-0.json,citeseer,batch-class,low-bits,weight,28402,1222,0.9587496624358628
paper_paper_gcn_citeseer_latency-aware_independent_sparse-on_priority-batch-class_mapping-low-bits_seed-1_scope-aggregation_layer-0.json,citeseer,batch-class,low-bits,edge,1176,591,0.66553480475382
paper_paper_gcn_citeseer_latency-aware_independent_sparse-on_priority-batch-class_mapping-low-bits_seed-1_scope-aggregation_layer-0.json,citeseer,batch-class,low-bits,input,2368512,231048,0.9111203434427365
paper_paper_gcn_citeseer_latency-aware_independent_sparse-on_priority-batch-class_mapping-low-bits_seed-1_scope-aggregation_layer-0.json,citeseer,batch-class,low-bits,intermediate_read,0,0,0.0
paper_paper_gcn_citeseer_latency-aware_independent_sparse-on_priority-batch-class_mapping-low-bits_seed-1_scope-aggregation_layer-0.json,citeseer,batch-class,low-bits,intermediate_write,0,0,0.0
paper_paper_gcn_citeseer_latency-aware_independent_sparse-on_priority-batch-class_mapping-low-bits_seed-1_scope-aggregation_layer-0.json,citeseer,batch-class,low-bits,output,0,0,0.0
paper_paper_gcn_citeseer_latency-aware_independent_sparse-on_priority-batch-class_mapping-low-bits_seed-1_scope-aggregation_layer-0.json,citeseer,batch-class,low-bits,weight,0,0,0.0
paper_paper_gcn_citeseer_latency-aware_independent_sparse-on_priority-batch-class_mapping-row-first_seed-1_layer-0.json,citeseer,batch-class,row-first,edge,1708,59,0.9666100735710244
paper_paper_gcn_citeseer_latency-aware_independent_sparse-on_priority-batch-class_mapping-row-first_seed-1_layer-0.json,citeseer,batch-class,row-first,input,2515622,83938,0.9677106895013002
paper_paper_gcn_citeseer_latency-aware_independent_sparse-on_priority-batch-class_mapping-row-first_seed-1_layer-0.json,citeseer,batch-class,row-first,intermediate_read,0,0,0.0
paper_paper_gcn_citeseer_latency-aware_independent_sparse-on_priority-batch-class_mapping-row-first_seed-1_layer-0.json,citeseer,batch-class,row-first,intermediate_write,0,0,0.0
paper_paper_gcn_citeseer_latency-aware_independent_sparse-on_priority-batch-class_mapping-row-first_seed-1_layer-0.json,citeseer,batch-class,row-first,output,25777,839,0.9684776074541629
paper_paper_gcn_citeseer_latency-aware_independent_sparse-on_priority-batch-class_mapping-row-first_seed-1_layer-0.json,citeseer,batch-class,row-first,weight,28690,934,0.9684715095868215
paper_paper_gcn_citeseer_latency-aware_independent_sparse-on_priority-fifo_mapping-low-bits_seed-1_layer-0.json,citeseer,fifo,low-bits,edge,0,1767,0.0
paper_paper_gcn_citeseer_latency-aware_independent_sparse-on_priority-fifo_mapping-low-bits_seed-1_layer-0.json,citeseer,fifo,low-bits,input,2321656,277904,0.8930957546661743
paper_paper_gcn_citeseer_latency-aware_independent_sparse-on_priority-fifo_mapping-low-bits_seed-1_layer-0.json,citeseer,fifo,low-bits,intermediate_read,0,0,0.0
paper_paper_gcn_citeseer_latency-aware_independent_sparse-on_priority-fifo_mapping-low-bits_seed-1_layer-0.json,citeseer,fifo,low-bits,intermediate_write,0,0,0.0
paper_paper_gcn_citeseer_latency-aware_independent_sparse-on_priority-fifo_mapping-low-bits_seed-1_layer-0.json,citeseer,fifo,low-bits,output,4992,21624,0.18755635707844906
paper_paper_gcn_citeseer_latency-aware_independent_sparse-on_priority-fifo_mapping-low-bits_seed-1_layer-0.json,citeseer,fifo,low-bits,weight,0,29624,0.0
paper_paper_gcn_citeseer_latency-aware_independent_sparse-on_priority-fifo_mapping-row-first_seed-1_layer-0.json,citeseer,fifo,row-first,edge,1711,56,0.9683078664402943
paper_paper_gcn_citeseer_latency-aware_independent_sparse-on_priority-fifo_mapping-row-first_seed-1_layer-0.json,citeseer,fifo,row-first,input,2515646,83914,0.9677199218329255
paper_paper_gcn_citeseer_latency-aware_independent_sparse-on_priority-fifo_mapping-row-first_seed-1_layer-0.json,citeseer,fifo,row-first,intermediate_read,0,0,0.0
paper_paper_gcn_citeseer_latency-aware_independent_sparse-on_priority-fifo_mapping-row-first_seed-1_layer-0.json,citeseer,fifo,row-first,intermediate_write,0,0,0.0
paper_paper_gcn_citeseer_latency-aware_independent_sparse-on_priority-fifo_mapping-row-first_seed-1_layer-0.json,citeseer,fifo,row-first,output,25777,839,0.9684776074541629
paper_paper_gcn_citeseer_latency-aware_independent_sparse-on_priority-fifo_mapping-row-first_seed-1_layer-0.json,citeseer,fifo,row-first,weight,28697,927,0.9687078044828518
paper_paper_gcn_citeseer_sequential_independent_sparse-on_priority-batch-class_mapping-low-bits_seed-1_layer-0.json,citeseer,batch-class,low-bits,edge,1040,727,0.588568194680249
paper_paper_gcn_citeseer_sequential_independent_sparse-on_priority-batch-class_mapping-low-bits_seed-1_layer-0.json,citeseer,batch-class,low-bits,input,2368512,231048,0.9111203434427365
paper_paper_gcn_citeseer_sequential_independent_sparse-on_priority-batch-class_mapping-low-bits_seed-1_layer-0.json,citeseer,batch-class,low-bits,intermediate_read,747544,24320,0.9684918586694029
paper_paper_gcn_citeseer_sequential_independent_sparse-on_priority-batch-class_mapping-low-bits_seed-1_layer-0.json,citeseer,batch-class,low-bits,intermediate_write,747544,24320,0.9684918586694029
paper_paper_gcn_citeseer_sequential_independent_sparse-on_priority-batch-class_mapping-low-bits_seed-1_layer-0.json,citeseer,batch-class,low-bits,output,25720,896,0.9663360384730989
paper_paper_gcn_citeseer_sequential_independent_sparse-on_priority-batch-class_mapping-low-bits_seed-1_layer-0.json,citeseer,batch-class,low-bits,weight,28402,1222,0.9587496624358628
paper_paper_gcn_cora_latency-aware_independent_sparse-off_priority-batch-class_mapping-low-bits_seed-1_scope-aggregation_layer-0.json,cora,batch-class,low-bits,edge,1700,128,0.9299781181619255
paper_paper_gcn_cora_latency-aware_independent_sparse-off_priority-batch-class_mapping-low-bits_seed-1_scope-aggregation_layer-0.json,cora,batch-class,low-bits,input,708120,23040,0.9684884293451502
paper_paper_gcn_cora_latency-aware_independent_sparse-off_priority-batch-class_mapping-low-bits_seed-1_scope-aggregation_layer-0.json,cora,batch-class,low-bits,intermediate_read,0,0,0.0
paper_paper_gcn_cora_latency-aware_independent_sparse-off_priority-batch-class_mapping-low-bits_seed-1_scope-aggregation_layer-0.json,cora,batch-class,low-bits,intermediate_write,0,0,0.0
paper_paper_gcn_cora_latency-aware_independent_sparse-off_priority-batch-class_mapping-low-bits_seed-1_scope-aggregation_layer-0.json,cora,batch-class,low-bits,output,0,0,0.0
paper_paper_gcn_cora_latency-aware_independent_sparse-off_priority-batch-class_mapping-low-bits_seed-1_scope-aggregation_layer-0.json,cora,batch-class,low-bits,weight,0,0,0.0
paper_paper_gcn_cora_latency-aware_independent_sparse-on_priority-batch-class_mapping-low-bits_seed-1_layer-0.json,cora,batch-class,low-bits,edge,1444,384,0.7899343544857768
paper_paper_gcn_cora_latency-aware_independent_sparse-on_priority-batch-class_mapping-low-bits_seed-1_layer-0.json,cora,batch-class,low-bits,input,657142,23168,0.9659449368670165
paper_paper_gcn_cora_latency-aware_independent_sparse-on_priority-batch-class_mapping-low-bits_seed-1_layer-0.json,cora,batch-class,low-bits,intermediate_read,0,0,0.0
paper_paper_gcn_cora_latency-aware_independent_sparse-on_priority-batch-class_mapping-low-bits_seed-1_layer-0.json,cora,batch-class,low-bits,intermediate_write,0,0,0.0
paper_paper_gcn_cora_latency-aware_independent_sparse-on_priority-batch-class_mapping-low-bits_seed-1_layer-0.json,cora,batch-class,low-bits,output,20768,896,0.9586410635155096
paper_paper_gcn_cora_latency-aware_independent_sparse-on_priority-batch-class_mapping-low-bits_seed-1_layer-0.json,cora,batch-class,low-bits,weight,10881,583,0.9491451500348919
paper_paper_gcn_cora_latency-aware_independent_sparse-on_priority-batch-class_mapping-low-bits_seed-1_scope-aggregation_layer-0.json,cora,batch-class,low-bits,edge,1700,128,0.9299781181619255
paper_paper_gcn_cora_latency-aware_independent_sparse-on_priority-batch-class_mapping-low-bits_seed-1_scope-aggregation_layer-0.json,cora,batch-class,low-bits,input,657270,23040,0.9661330863870883
paper_paper_gcn_cora_latency-aware_independent_sparse-on_priority-batch-class_mapping-low-bits_seed-1_scope-aggregation_layer-0.json,cora,batch-class,low-bits,intermediate_read,0,0,0.0
paper_paper_gcn_cora_latency-aware_independent_sparse-on_priority-batch-class_mapping-low-bits_seed-1_scope-aggregation_layer-0.json,cora,batch-class,low-bits,intermediate_write,0,0,0.0
paper_paper_gcn_cora_latency-aware_independent_sparse-on_priority-batch-class_mapping-low-bits_seed-1_scope-aggregation_layer-0.json,cora,batch-class,low-bits,output,0,0,0.0
paper_paper_gcn_cora_latency-aware_independent_sparse-on_priority-batch-class_mapping-low-bits_seed-1_scope-aggregation_layer-0.json,cora,batch-class,low-bits,weight,0,0,0.0
paper_paper_gcn_cora_latency-aware_independent_sparse-on_priority-batch-class_mapping-row-first_seed-1_layer-0.json,cora,batch-class,row-first,edge,1769,59,0.9677242888402626
paper_paper_gcn_cora_latency-aware_independent_sparse-on_priority-batch-class_mapping-row-first_seed-1_layer-0.json,cora,batch-class,row-first,input,658792,21518,0.9683703017741911
paper_paper_gcn_cora_latency-aware_independent_sparse-on_priority-batch-class_mapping-row-first_seed-1_layer-0.json,cora,batch-class,row-first,intermediate_read,0,0,0.0
paper_paper_gcn_cora_latency-aware_independent_sparse-on_priority-batch-class_mapping-row-first_seed-1_layer-0.json,cora,batch-class,row-first,intermediate_write,0,0,0.0
paper_paper_gcn_cora_latency-aware_independent_sparse-on_priority-batch-class_mapping-row-first_seed-1_layer-0.json,cora,batch-class,row-first,output,20984,680,0.9686115214180206
paper_paper_gcn_cora_latency-aware_independent_sparse-on_priority-batch-class_mapping-row-first_seed-1_layer-0.json,cora,batch-class,row-first,weight,11104,360,0.9685973482205164
paper_paper_gcn_cora_latency-aware_independent_sparse-on_priority-fifo_mapping-low-bits_seed-1_layer-0.json,cora,fifo,low-bits,edge,0,1828,0.0
paper_paper_gcn_cora_latency-aware_independent_sparse-on_priority-fifo_mapping-low-bits_seed-1_layer-0.json,cora,fifo,low-bits,input,640192,40118,0.9410298246387676
paper_paper_gcn_cora_latency-aware_independent_sparse-on_priority-fifo_mapping-low-bits_seed-1_layer-0.json,cora,fifo,low-bits,intermediate_read,0,0,0.0
paper_paper_gcn_cora_latency-aware_independent_sparse-on_priority-fifo_mapping-low-bits_seed-1_layer-0.json,cora,fifo,low-bits,intermediate_write,0,0,0.0
paper_paper_gcn_cora_latency-aware_independent_sparse-on_priority-fifo_mapping-low-bits_seed-1_layer-0.json,cora,fifo,low-bits,output,14042,7622,0.648172082717873
paper_paper_gcn_cora_latency-aware_independent_sparse-on_priority-fifo_mapping-low-bits_seed-1_layer-0.json,cora,fifo,low-bits,weight,0,11464,0.0
paper_paper_gcn_cora_latency-aware_independent_sparse-on_priority-fifo_mapping-row-first_seed-1_layer-0.json,cora,fifo,row-first,edge,1770,58,0.9682713347921226
paper_paper_gcn_cora_latency-aware_independent_sparse-on_priority-fifo_mapping-row-first_seed-1_layer-0.json,cora,fifo,row-first,input,658808,21502,0.9683938204642002
paper_paper_gcn_cora_latency-aware_independent_sparse-on_priority-fifo_mapping-row-first_seed-1_layer-0.json,cora,fifo,row-first,intermediate_read,0,0,0.0
paper_paper_gcn_cora_latency-aware_independent_sparse-on_priority-fifo_mapping-row-first_seed-1_layer-0.json,cora,fifo,row-first,intermediate_write,0,0,0.0
paper_paper_gcn_cora_latency-aware_independent_sparse-on_priority-fifo_mapping-row-first_seed-1_layer-0.json,cora,fifo,row-first,output,20984,680,0.9686115214180206
paper_paper_gcn_cora_latency-aware_independent_sparse-on_priority-fifo_mapping-row-first_seed-1_layer-0.json,cora,fifo,row-first,weight,11105,359,0.9686845778087927
paper_paper_gcn_cora_sequential_independent_sparse-on_priority-batch-class_mapping-low-bits_seed-1_layer-0.json,cora,batch-class,low-bits,edge,1444,384,0.7899343544857768
paper_paper_gcn_cora_sequential_independent_sparse-on_priority-batch-class_mapping-low-bits_seed-1_layer-0.json,cora,batch-class,low-bits,input,657270,23040,0.9661330863870883
paper_paper_gcn_cora_sequential_independent_sparse-on_priority-batch-class_mapping-low-bits_seed-1_layer-0.json,cora,batch-class,low-bits,intermediate_read,236040,7680,0.9684884293451502
paper_paper_gcn_cora_sequential_independent_sparse-on_priority-batch-class_mapping-low-bits_seed-1_layer-0.json,cora,batch-class,low-bits,intermediate_write,236040,7680,0.9684884293451502
paper_paper_gcn_cora_sequential_independent_sparse-on_priority-batch-class_mapping-low-bits_seed-1_layer-0.json,cora,batch-class,low-bits,output,20896,768,0.9645494830132939
paper_paper_gcn_cora_sequential_independent_sparse-on_priority-batch-class_mapping-low-bits_seed-1_layer-0.json,cora,batch-class,low-bits,weight,10881,583,0.9491451500348919
paper_paper_gcn_pubmed_latency-aware_independent_sparse-off_priority-batch-class_mapping-low-bits_seed-1_scope-aggregation_layer-0.json,pubmed,batch-class,low-bits,edge,13506,1276,0.9136787985387633
paper_paper_gcn_pubmed_latency-aware_independent_sparse-off_priority-batch-class_mapping-low-bits_seed-1_scope-aggregation_layer-0.json,pubmed,batch-class,low-bits,input,4888832,158720,0.9685550540143024
paper_paper_gcn_pubmed_latency-aware_independent_sparse-off_priority-batch-class_mapping-low-bits_seed-1_scope-aggregation_layer-0.json,pubmed,batch-class,low-bits,intermediate_read,0,0,0.0
paper_paper_gcn_pubmed_latency-aware_independent_sparse-off_priority-batch-class_mapping-low-bits_seed-1_scope-aggregation_layer-0.json,pubmed,batch-class,low-bits,intermediate_write,0,0,0.0
paper_paper_gcn_pubmed_latency-aware_independent_sparse-off_priority-batch-class_mapping-low-bits_seed-1_scope-aggregation_layer-0.json,pubmed,batch-class,low-bits,output,0,0,0.0
paper_paper_gcn_pubmed_latency-aware_independent_sparse-off_priority-batch-class_mapping-low-bits_seed-1_scope-aggregation_layer-0.json,pubmed,batch-class,low-bits,weight,0,0,0.0
paper_paper_gcn_pubmed_latency-aware_independent_sparse-on_priority-batch-class_mapping-low-bits_seed-1_layer-0.json,pubmed,batch-class,low-bits,edge,13428,1354,0.9084021106751454
paper_paper_gcn_pubmed_latency-aware_independent_sparse-on_priority-batch-class_mapping-low-bits_seed-1_layer-0.json,pubmed,batch-class,low-bits,input,4311364,159004,0.964431563575974
paper_paper_gcn_pubmed_latency-aware_independent_sparse-on_priority-batch-class_mapping-low-bits_seed-1_layer-0.json,pubmed,batch-class,low-bits,intermediate_read,0,0,0.0
paper_paper_gcn_pubmed_latency-aware_independent_sparse-on_priority-batch-class_mapping-low-bits_seed-1_layer-0.json,pubmed,batch-class,low-bits,intermediate_write,0,0,0.0
paper_paper_gcn_pubmed_latency-aware_independent_sparse-on_priority-batch-class_mapping-low-bits_seed-1_layer-0.json,pubmed,batch-class,low-bits,output,151848,5888,0.962671806055688
paper_paper_gcn_pubmed_latency-aware_independent_sparse-on_priority-batch-class_mapping-low-bits_seed-1_layer-0.json,pubmed,batch-class,low-bits,weight,3616,384,0.904
paper_paper_gcn_pubmed_latency-aware_independent_sparse-on_priority-batch-class_mapping-low-bits_seed-1_scope-aggregation_layer-0.json,pubmed,batch-class,low-bits,edge,13410,1372,0.907184413475849
paper_paper_gcn_pubmed_latency-aware_independent_sparse-on_priority-batch-class_mapping-low-bits_seed-1_scope-aggregation_layer-0.json,pubmed,batch-class,low-bits,input,4312256,158112,0.9646310997215441
paper_paper_gcn_pubmed_latency-aware_independent_sparse-on_priority-batch-class_mapping-low-bits_seed-1_scope-aggregation_layer-0.json,pubmed,batch-class,low-bits,intermediate_read,0,0,0.0
paper_paper_gcn_pubmed_latency-aware_independent_sparse-on_priority-batch-class_mapping-low-bits_seed-1_scope-aggregation_layer-0.json,pubmed,batch-class,low-bits,intermediate_write,0,0,0.0
paper_paper_gcn_pubmed_latency-aware_independent_sparse-on_priority-batch-class_mapping-low-bits_seed-1_scope-aggregation_layer-0.json,pubmed,batch-class,low-bits,output,0,0,0.0
paper_paper_gcn_pubmed_latency-aware_independent_sparse-on_priority-batch-class_mapping-low-bits_seed-1_scope-aggregation_layer-0.json,pubmed,batch-class,low-bits,weight,0,0,0.0
paper_paper_gcn_pubmed_latency-aware_independent_sparse-on_priority-batch-class_mapping-row-first_seed-1_layer-0.json,pubmed,batch-class,row-first,edge,14304,478,0.967663374374239
paper_paper_gcn_pubmed_latency-aware_independent_sparse-on_priority-batch-class_mapping-row-first_seed-1_layer-0.json,pubmed,batch-class,row-first,input,4330649,139719,0.9687455260953908
paper_paper_gcn_pubmed_latency-aware_independent_sparse-on_priority-batch-class_mapping-row-first_seed-1_layer-0.json,pubmed,batch-class,row-first,intermediate_read,0,0,0.0
paper_paper_gcn_pubmed_latency-aware_independent_sparse-on_priority-batch-class_mapping-row-first_seed-1_layer-0.json,pubmed,batch-class,row-first,intermediate_write,0,0,0.0
paper_paper_gcn_pubmed_latency-aware_independent_sparse-on_priority-batch-class_mapping-row-first_seed-1_layer-0.json,pubmed,batch-class,row-first,output,152806,4930,0.968745245219861
paper_paper_gcn_pubmed_latency-aware_independent_sparse-on_priority-batch-class_mapping-row-first_seed-1_layer-0.json,pubmed,batch-class,row-first,weight,3873,127,0.96825
paper_paper_gcn_pubmed_latency-aware_independent_sparse-on_priority-fifo_mapping-low-bits_seed-1_layer-0.json,pubmed,fifo,low-bits,edge,0,14782,0.0
paper_paper_gcn_pubmed_latency-aware_independent_sparse-on_priority-fifo_mapping-low-bits_seed-1_layer-0.json,pubmed,fifo,low-bits,input,4150834,319534,0.9285217682302666
paper_paper_gcn_pubmed_latency-aware_independent_sparse-on_priority-fifo_mapping-low-bits_seed-1_layer-0.json,pubmed,fifo,low-bits,intermediate_read,0,0,0.0
paper_paper_gcn_pubmed_latency-aware_independent_sparse-on_priority-fifo_mapping-low-bits_seed-1_layer-0.json,pubmed,fifo,low-bits,intermediate_write,0,0,0.0
paper_paper_gcn_pubmed_latency-aware_independent_sparse-on_priority-fifo_mapping-low-bits_seed-1_layer-0.json,pubmed,fifo,low-bits,output,2560,155176,0.016229649541005225
paper_paper_gcn_pubmed_latency-aware_independent_sparse-on_priority-fifo_mapping-low-bits_seed-1_layer-0.json,pubmed,fifo,low-bits,weight,128,3872,0.032
paper_paper_gcn_pubmed_latency-aware_independent_sparse-on_priority-fifo_mapping-row-first_seed-1_layer-0.json,pubmed,fifo,row-first,edge,14319,463,0.9686781220403193
paper_paper_gcn_pubmed_latency-aware_independent_sparse-on_priority-fifo_mapping-row-first_seed-1_layer-0.json,pubmed,fifo,row-first,input,4330665,139703,0.9687491052190782
paper_paper_gcn_pubmed_latency-aware_independent_sparse-on_priority-fifo_mapping-row-first_seed-1_layer-0.json,pubmed,fifo,row-first,intermediate_read,0,0,0.0
paper_paper_gcn_pubmed_latency-aware_independent_sparse-on_priority-fifo_mapping-row-first_seed-1_layer-0.json,pubmed,fifo,row-first,intermediate_write,0,0,0.0
paper_paper_gcn_pubmed_latency-aware_independent_sparse-on_priority-fifo_mapping-row-first_seed-1_layer-0.json,pubmed,fifo,row-first,output,152802,4934,0.9687198863924532
paper_paper_gcn_pubmed_latency-aware_independent_sparse-on_priority-fifo_mapping-row-first_seed-1_layer-0.json,pubmed,fifo,row-first,weight,3875,125,0.96875
paper_paper_gcn_pubmed_sequential_independent_sparse-on_priority-batch-class_mapping-low-bits_seed-1_layer-0.json,pubmed,batch-class,low-bits,edge,13426,1356,0.9082668109863348
paper_paper_gcn_pubmed_sequential_independent_sparse-on_priority-batch-class_mapping-low-bits_seed-1_layer-0.json,pubmed,batch-class,low-bits,input,4312256,158112,0.9646310997215441
paper_paper_gcn_pubmed_sequential_independent_sparse-on_priority-batch-class_mapping-low-bits_seed-1_layer-0.json,pubmed,batch-class,low-bits,intermediate_read,611104,19840,0.9685550540143024
paper_paper_gcn_pubmed_sequential_independent_sparse-on_priority-batch-class_mapping-low-bits_seed-1_layer-0.json,pubmed,batch-class,low-bits,intermediate_write,611104,19840,0.9685550540143024
paper_paper_gcn_pubmed_sequential_independent_sparse-on_priority-batch-class_mapping-low-bits_seed-1_layer-0.json,pubmed,batch-class,low-bits,output,152744,4992,0.9683521833950398
paper_paper_gcn_pubmed_sequential_independent_sparse-on_priority-batch-class_mapping-low-bits_seed-1_layer-0.json,pubmed,batch-class,low-bits,weight,3616,384,0.904
