evidence_class,metric,scope,reference,measured,relative_error_or_deviation,status
paper_metric,sparsity_speedup,cora,1.082102,1.068573665610202,0.012501903138334313,PASS
paper_metric,sparsity_speedup,citeseer,2.883223,2.9303150110325404,0.01633311437670286,PASS
paper_metric,sparsity_speedup,pubmed,1.115278,1.1271586616889213,0.010652645967123285,PASS
paper_metric,sparsity_ae_dram_ratio,cora,0.879502,0.9306264222606646,0.05812883002047136,PASS
paper_metric,sparsity_ae_dram_ratio,citeseer,0.339962,0.3369416923226975,0.008884250820098987,PASS
paper_metric,sparsity_ae_dram_ratio,pubmed,0.896637,0.8859846071002032,0.011880385150062739,PASS
paper_metric,pipeline_speedup,cora,2.125024,1.9518921642328178,0.08147288490256208,PASS
paper_metric,pipeline_speedup,citeseer,1.842621,2.178639581075711,0.18235903155109542,PASS
paper_metric,pipeline_speedup,pubmed,1.366562,1.6322935860314118,0.1944526381030731,PASS
paper_metric,pipeline_dram_ratio,cora,0.501466,0.5947139201101516,0.18595063296445144,PASS
paper_metric,pipeline_dram_ratio,citeseer,0.535832,0.6325590085913986,0.1805174170101797,PASS
paper_metric,pipeline_dram_ratio,pubmed,0.731763,0.7864382695970433,0.07471718247170638,PASS
internal_check,priority_incremental_speedup,cora,>=1.005,1.0114081668559365,0.0,PASS
internal_check,priority_incremental_speedup,citeseer,>=1.005,1.0098058230042166,0.0,PASS
internal_check,priority_incremental_speedup,pubmed,>=1.005,1.0022256194275148,0.002760577684064812,FAIL
internal_check,priority_incremental_speedup_aggregate,aggregate,>=1.005,1.0078132030958893,0.0,PASS
internal_check,priority_incremental_bandwidth_gain,cora,>=1.005,1.0114081668559365,0.0,PASS
internal_check,priority_incremental_bandwidth_gain,citeseer,>=1.005,1.0098058230042166,0.0,PASS
internal_check,priority_incremental_bandwidth_gain,pubmed,>=1.005,1.0022256194275145,0.0027605776840650327,FAIL
internal_check,priority_incremental_bandwidth_gain_aggregate,aggregate,>=1.005,1.0078132030958893,0.0,PASS
internal_check,priority_incremental_row_hit_ratio,cora,>=1.03,1.040704700120842,0.0,PASS
internal_check,priority_incremental_row_hit_ratio,citeseer,>=1.03,1.0285452414542067,0.0014123869376634517,FAIL
internal_check,priority_incremental_row_hit_ratio,pubmed,>=1.03,1.0233670654018825,0.006439742328269451,FAIL
internal_check,priority_incremental_row_hit_ratio_aggregate,aggregate,>=1.03,1.030872335658977,0.0,PASS
paper_metric,coordination_speedup,aggregate,3.7,1.127634774121,0.6952338448321622,FAIL
paper_metric,coordination_bandwidth_gain,aggregate,4.0,1.127634774121,0.7180913064697501,FAIL
