json_file,plain_bytes,plain_sha256,gzip_file,gzip_bytes,gzip_sha256,decoded_bytes,decoded_sha256,csv_file,csv_bytes,csv_sha256
paper_paper_gcn_citeseer_latency-aware_independent_sparse-off_priority-batch-class_mapping-low-bits_seed-1_scope-aggregation_layer-0.json,330696364,2ca11d88b7537daa4fce18ce908c9fbe53f5151c40981294815dfa4204883550,paper_paper_gcn_citeseer_latency-aware_independent_sparse-off_priority-batch-class_mapping-low-bits_seed-1_scope-aggregation_layer-0.json.gz,54099856,829b9af6129811673c058912e5ffa8556ecf9c2bcd6c5854121c43b07bc44ca9,330696364,2ca11d88b7537daa4fce18ce908c9fbe53f5151c40981294815dfa4204883550,paper_paper_gcn_citeseer_latency-aware_independent_sparse-off_priority-batch-class_mapping-low-bits_seed-1_scope-aggregation_layer-0.csv,923,d79cfdcda220a0c2f30dfb71cd9e8e3d67edab700bd0a344d4fd82aa2644b699
paper_paper_gcn_citeseer_latency-aware_independent_sparse-on_priority-batch-class_mapping-low-bits_seed-1_layer-0.json,119888564,004a5fcae0947238a3de4fa04c6f28f7ea3db51039c2ab8e55117916917ed91c,paper_paper_gcn_citeseer_latency-aware_independent_sparse-on_priority-batch-class_mapping-low-bits_seed-1_layer-0.json.gz,22301059,b6b6508ffb6ee97723db889318a42af95ebd5d1c2c3be74795fc6494d38020bb,119888564,004a5fcae0947238a3de4fa04c6f28f7ea3db51039c2ab8e55117916917ed91c,paper_paper_gcn_citeseer_latency-aware_independent_sparse-on_priority-batch-class_mapping-low-bits_seed-1_layer-0.csv,951,e72f67fd6cea9474decb47d235b31ba89302d70590cf14455d52e55832f345b4
paper_paper_gcn_citeseer_latency-aware_independent_sparse-on_priority-batch-class_mapping-low-bits_seed-1_scope-aggregation_layer-0.json,117279457,c1eec441b7525d3e57413ad22f003370600df73589705a246db39e4b81e6476e,paper_paper_gcn_citeseer_latency-aware_independent_sparse-on_priority-batch-class_mapping-low-bits_seed-1_scope-aggregation_layer-0.json.gz,20918936,6f6a6c45ccec900e71ecd9f026e4936d72040513a518dd1622a1323dcc966e11,117279457,c1eec441b7525d3e57413ad22f003370600df73589705a246db39e4b81e6476e,paper_paper_gcn_citeseer_latency-aware_independent_sparse-on_priority-batch-class_mapping-low-bits_seed-1_scope-aggregation_layer-0.csv,916,e4e6c8d7a884efebf97f58b7a7131243a48d896872348f980a0d589e34908bd2
paper_paper_gcn_citeseer_latency-aware_independent_sparse-on_priority-batch-class_mapping-row-first_seed-1_layer-0.json,122261260,c26d15758c21c81d7d5e1812abc9e70a12dc15dbf8436bcccf1c030907cb9b20,paper_paper_gcn_citeseer_latency-aware_independent_sparse-on_priority-batch-class_mapping-row-first_seed-1_layer-0.json.gz,30636054,11a13cf400a4269020aca91eee1f367103d3d09e42f832e7f9c775e23770ac85,122261260,c26d15758c21c81d7d5e1812abc9e70a12dc15dbf8436bcccf1c030907cb9b20,paper_paper_gcn_citeseer_latency-aware_independent_sparse-on_priority-batch-class_mapping-row-first_seed-1_layer-0.csv,948,d6ca30a57161e596f0ad8afebdbf50e2fe3acd4b803c4efb716b4261409fbc05
paper_paper_gcn_citeseer_latency-aware_independent_sparse-on_priority-fifo_mapping-low-bits_seed-1_layer-0.json,121646995,6472f56c13033a75de62fce8e1b6077595c2bcd4374a1674d0dd6c1f19a8924f,paper_paper_gcn_citeseer_latency-aware_independent_sparse-on_priority-fifo_mapping-low-bits_seed-1_layer-0.json.gz,22700682,4d8006eb3721e37712b3af8331a5564005052b7eb0691ca71029c23af0b04c76,121646995,6472f56c13033a75de62fce8e1b6077595c2bcd4374a1674d0dd6c1f19a8924f,paper_paper_gcn_citeseer_latency-aware_independent_sparse-on_priority-fifo_mapping-low-bits_seed-1_layer-0.csv,944,f6de4a20adb27deb14be2dccc4ecd1f4c0ba268972434db961cfcceb0119f6cb
paper_paper_gcn_citeseer_latency-aware_independent_sparse-on_priority-fifo_mapping-row-first_seed-1_layer-0.json,120002473,bd8ee3a3bded2f8590c1a26f8c04dc13f7e18380f9362da34ff80aed5b1828d4,paper_paper_gcn_citeseer_latency-aware_independent_sparse-on_priority-fifo_mapping-row-first_seed-1_layer-0.json.gz,23836186,1006ee6465bdcd5cf210b40f53d0ba316059c1a6b6fab9441be69d75daa4be91,120002473,bd8ee3a3bded2f8590c1a26f8c04dc13f7e18380f9362da34ff80aed5b1828d4,paper_paper_gcn_citeseer_latency-aware_independent_sparse-on_priority-fifo_mapping-row-first_seed-1_layer-0.csv,943,209d59acf9bf40089b3c41ae970be9461ee91b4fe12f11d443facaa1045512e5
paper_paper_gcn_citeseer_sequential_independent_sparse-on_priority-batch-class_mapping-low-bits_seed-1_layer-0.json,188652382,bd3a50d22e4ed4b736d3432b888a7b7b3726732d3a561b3a959d7a5d4d940663,paper_paper_gcn_citeseer_sequential_independent_sparse-on_priority-batch-class_mapping-low-bits_seed-1_layer-0.json.gz,31452042,dd425c88b01bd434529eceb002d48223d539930c575b30d6bcfcfb878358186a,188652382,bd3a50d22e4ed4b736d3432b888a7b7b3726732d3a561b3a959d7a5d4d940663,paper_paper_gcn_citeseer_sequential_independent_sparse-on_priority-batch-class_mapping-low-bits_seed-1_layer-0.csv,962,a55a30d1aea0c77bcaf3cc177b4a9c53f82f3ba980d7b5c293627f297621b7a3
paper_paper_gcn_cora_latency-aware_independent_sparse-off_priority-batch-class_mapping-low-bits_seed-1_scope-aggregation_layer-0.json,31099199,24b7c56b949620254b8704966c39b3c01b26d67d1bc4197608909739c46fee54,paper_paper_gcn_cora_latency-aware_independent_sparse-off_priority-batch-class_mapping-low-bits_seed-1_scope-aggregation_layer-0.json.gz,5055317,d9fab4c5fae4d00e85791a064c510221d35bee359dcf07fa3f792238bf29dec2,31099199,24b7c56b949620254b8704966c39b3c01b26d67d1bc4197608909739c46fee54,paper_paper_gcn_cora_latency-aware_independent_sparse-off_priority-batch-class_mapping-low-bits_seed-1_scope-aggregation_layer-0.csv,907,bd90a80a5fa21e776ce81142a94e0f6fab14c4f4ac5806d7646bd0d2e73e8797
paper_paper_gcn_cora_latency-aware_independent_sparse-on_priority-batch-class_mapping-low-bits_seed-1_layer-0.json,30453611,7e73a12b02512d1db1445dbe5445d166165ec43799d356af9b7e5a8bd121b9a6,paper_paper_gcn_cora_latency-aware_independent_sparse-on_priority-batch-class_mapping-low-bits_seed-1_layer-0.json.gz,5331775,896f06dbf1097d436c6cde4e907adf9d6c10fdf81d3920291ee9a946d86482e9,30453611,7e73a12b02512d1db1445dbe5445d166165ec43799d356af9b7e5a8bd121b9a6,paper_paper_gcn_cora_latency-aware_independent_sparse-on_priority-batch-class_mapping-low-bits_seed-1_layer-0.csv,940,3b86d6a083f665b3499c1dcd5ac3a3312e2113f7ec1fcdca84dbda667ba9fca3
paper_paper_gcn_cora_latency-aware_independent_sparse-on_priority-batch-class_mapping-low-bits_seed-1_scope-aggregation_layer-0.json,29002573,8c432b7743a720cc4f9beede8d05c59d179e190215cd7174063c008a1b60ae5f,paper_paper_gcn_cora_latency-aware_independent_sparse-on_priority-batch-class_mapping-low-bits_seed-1_scope-aggregation_layer-0.json.gz,4995685,263e84c735b5c98c51caeb3552bcec1abd558c543055ebcbed7191f16e720755,29002573,8c432b7743a720cc4f9beede8d05c59d179e190215cd7174063c008a1b60ae5f,paper_paper_gcn_cora_latency-aware_independent_sparse-on_priority-batch-class_mapping-low-bits_seed-1_scope-aggregation_layer-0.csv,904,6dc8ec1fa3c908f234532265631d3c702df2a7a654e27f229cd84d1a0e90fb1f
paper_paper_gcn_cora_latency-aware_independent_sparse-on_priority-batch-class_mapping-row-first_seed-1_layer-0.json,31002916,dc682b6475abb8966c8a37c077ea8f5f11bc7a1da439e1259ec9102c502a2d4b,paper_paper_gcn_cora_latency-aware_independent_sparse-on_priority-batch-class_mapping-row-first_seed-1_layer-0.json.gz,7383208,5c4ef065d5a5ddb619c7f6c7cd2ae32e99bd3d82785dbff20e50c88a58958e84,31002916,dc682b6475abb8966c8a37c077ea8f5f11bc7a1da439e1259ec9102c502a2d4b,paper_paper_gcn_cora_latency-aware_independent_sparse-on_priority-batch-class_mapping-row-first_seed-1_layer-0.csv,937,a34a5c063b5daa347467723a24ad15afd93e2382c26105482c531271d848dc2d
paper_paper_gcn_cora_latency-aware_independent_sparse-on_priority-fifo_mapping-low-bits_seed-1_layer-0.json,31190068,0e0348ce0b7d7f2ed4f050e0696fd743f824ea47ba38e99e3aa99f8223a126b8,paper_paper_gcn_cora_latency-aware_independent_sparse-on_priority-fifo_mapping-low-bits_seed-1_layer-0.json.gz,5509555,22c217a0bd660822178c2668f02a59b459a326e85bc0f9e406b533b472e79f40,31190068,0e0348ce0b7d7f2ed4f050e0696fd743f824ea47ba38e99e3aa99f8223a126b8,paper_paper_gcn_cora_latency-aware_independent_sparse-on_priority-fifo_mapping-low-bits_seed-1_layer-0.csv,932,c5ab421a291795f953279b3be2c5d7a911b206cd18e176a74dd7ffb69443e428
paper_paper_gcn_cora_latency-aware_independent_sparse-on_priority-fifo_mapping-row-first_seed-1_layer-0.json,30587218,1a9dbc9383e53803456edbcd2ca4e87b69bb9cc73a051698db58a7119e0d34a1,paper_paper_gcn_cora_latency-aware_independent_sparse-on_priority-fifo_mapping-row-first_seed-1_layer-0.json.gz,5671821,c41e467c8a30f18445885eba8462c85844fa135439c4ddb81dfc96830b2a3b1e,30587218,1a9dbc9383e53803456edbcd2ca4e87b69bb9cc73a051698db58a7119e0d34a1,paper_paper_gcn_cora_latency-aware_independent_sparse-on_priority-fifo_mapping-row-first_seed-1_layer-0.csv,930,c77fcad23a56f990be76ee085c9aed914efa3528822dcec5a8903b6bcb217b62
paper_paper_gcn_cora_sequential_independent_sparse-on_priority-batch-class_mapping-low-bits_seed-1_layer-0.json,51673466,265627debc65f8a605ef048f4c612b3004ccef240290c906d78db0c7b8478fbb,paper_paper_gcn_cora_sequential_independent_sparse-on_priority-batch-class_mapping-low-bits_seed-1_layer-0.json.gz,8377024,f155d8baa15f95fe9822a9f888aaf51fbe0b927ba56363dc14d9464ff9cee897,51673466,265627debc65f8a605ef048f4c612b3004ccef240290c906d78db0c7b8478fbb,paper_paper_gcn_cora_sequential_independent_sparse-on_priority-batch-class_mapping-low-bits_seed-1_layer-0.csv,944,02b2b281b22476f63b92234fc724131b40d4d96dbb20cdef95ebbf4b764cef41
paper_paper_gcn_pubmed_latency-aware_independent_sparse-off_priority-batch-class_mapping-low-bits_seed-1_scope-aggregation_layer-0.json,216083452,e0a9c582f2705a6d5f8a8e67ede9fe77ba2043461ca46f679210cbca3d06b27d,paper_paper_gcn_pubmed_latency-aware_independent_sparse-off_priority-batch-class_mapping-low-bits_seed-1_scope-aggregation_layer-0.json.gz,33584665,a58dbe5fa429133c4f9800ff9bbc0915193d22ff88eff6a2dafabe79ccf2550b,216083452,e0a9c582f2705a6d5f8a8e67ede9fe77ba2043461ca46f679210cbca3d06b27d,paper_paper_gcn_pubmed_latency-aware_independent_sparse-off_priority-batch-class_mapping-low-bits_seed-1_scope-aggregation_layer-0.csv,917,47086838869f2ae901abf411ab0657281d79612aaeca2af36610b125a4f76eca
paper_paper_gcn_pubmed_latency-aware_independent_sparse-on_priority-batch-class_mapping-low-bits_seed-1_layer-0.json,199535907,f8f66d1cef5c7b51d2055e53fd3ebdfaccd61dc9a56343971132c15b0222b24c,paper_paper_gcn_pubmed_latency-aware_independent_sparse-on_priority-batch-class_mapping-low-bits_seed-1_layer-0.json.gz,34058971,0ad3d646d9eb24f1151da570dca365f07c3e79bdf341bf1ae1d239db32b52068,199535907,f8f66d1cef5c7b51d2055e53fd3ebdfaccd61dc9a56343971132c15b0222b24c,paper_paper_gcn_pubmed_latency-aware_independent_sparse-on_priority-batch-class_mapping-low-bits_seed-1_layer-0.csv,955,03f6c2aacac526df139d33eafe274aec618438cf343f684a1fbc9e1f54db6223
paper_paper_gcn_pubmed_latency-aware_independent_sparse-on_priority-batch-class_mapping-low-bits_seed-1_scope-aggregation_layer-0.json,192327942,c661147408a4b2ecc2496557a7e00c470319748fd6f27f032efcc933bc8e6f5a,paper_paper_gcn_pubmed_latency-aware_independent_sparse-on_priority-batch-class_mapping-low-bits_seed-1_scope-aggregation_layer-0.json.gz,30343625,e12d15f94ea7038fa86fff69f56429b844b3323caeee4a755dc7d4e527c974b2,192327942,c661147408a4b2ecc2496557a7e00c470319748fd6f27f032efcc933bc8e6f5a,paper_paper_gcn_pubmed_latency-aware_independent_sparse-on_priority-batch-class_mapping-low-bits_seed-1_scope-aggregation_layer-0.csv,916,3fec293bd54bf60dca4016ee60a04ae65bceb60305ccca1178c371291d163488
paper_paper_gcn_pubmed_latency-aware_independent_sparse-on_priority-batch-class_mapping-row-first_seed-1_layer-0.json,206480340,b8290fb282d44c18eaff1678e4c0cacca0b1f127885e75fe94b544797801f0c6,paper_paper_gcn_pubmed_latency-aware_independent_sparse-on_priority-batch-class_mapping-row-first_seed-1_layer-0.json.gz,49873898,415daff9ffde2a787eaa07928b7de771e81e39614d1484d16135af953ff35105,206480340,b8290fb282d44c18eaff1678e4c0cacca0b1f127885e75fe94b544797801f0c6,paper_paper_gcn_pubmed_latency-aware_independent_sparse-on_priority-batch-class_mapping-row-first_seed-1_layer-0.csv,954,0cf927426101f68ecfd9fbaf4541b229003ae320d9d51ce3e422fbd546e06b1f
paper_paper_gcn_pubmed_latency-aware_independent_sparse-on_priority-fifo_mapping-low-bits_seed-1_layer-0.json,202150153,6e0e0ac7e295e056ebc5bfed6e6700c5cc5977ce739267f9c3d8c247d07ba835,paper_paper_gcn_pubmed_latency-aware_independent_sparse-on_priority-fifo_mapping-low-bits_seed-1_layer-0.json.gz,36047282,9c47e0f432f76f32eb7bdf7e65b7feb6bf76113d16f6a69c5ddde31447370185,202150153,6e0e0ac7e295e056ebc5bfed6e6700c5cc5977ce739267f9c3d8c247d07ba835,paper_paper_gcn_pubmed_latency-aware_independent_sparse-on_priority-fifo_mapping-low-bits_seed-1_layer-0.csv,950,b016317311e4bdcba7595b771f793c82525e995a5f7cd48c8ee5825e69abfef9
paper_paper_gcn_pubmed_latency-aware_independent_sparse-on_priority-fifo_mapping-row-first_seed-1_layer-0.json,201171061,058deeb92abc25b0b123c925e177a5a6d8adc94bfe1404916637589456324961,paper_paper_gcn_pubmed_latency-aware_independent_sparse-on_priority-fifo_mapping-row-first_seed-1_layer-0.json.gz,39552386,63c549edcbb66c1ac05edd734654f1ae82bb12af297cf76dc15fe4e2e44e21e5,201171061,058deeb92abc25b0b123c925e177a5a6d8adc94bfe1404916637589456324961,paper_paper_gcn_pubmed_latency-aware_independent_sparse-on_priority-fifo_mapping-row-first_seed-1_layer-0.csv,949,3b5099c09d9e8790792c4ff4c37b053e8e8d6167b8680e1a858be3c52121863a
paper_paper_gcn_pubmed_sequential_independent_sparse-on_priority-batch-class_mapping-low-bits_seed-1_layer-0.json,255369310,d9b84f52ae4bebd99858a48fd16841169b148dfa004933e9ee097be3f711d018,paper_paper_gcn_pubmed_sequential_independent_sparse-on_priority-batch-class_mapping-low-bits_seed-1_layer-0.json.gz,40815245,b6aa0dadfddfbd563e814c61932d464be8232fe39e38dd82067db0e4a1f778dc,255369310,d9b84f52ae4bebd99858a48fd16841169b148dfa004933e9ee097be3f711d018,paper_paper_gcn_pubmed_sequential_independent_sparse-on_priority-batch-class_mapping-low-bits_seed-1_layer-0.csv,958,2783cf2379d1c835889cd4af7a02753f710a10c6ea351728be1eedb7c9900d55
