metric,scope,paper_target,before_v6,after_v7,after_relative_error,after_result,relative_change_from_v6
sparsity_speedup,cora,1.082102000,1.067694848,1.067694848,0.013314042,PASS,0.000000000
sparsity_speedup,citeseer,2.883223000,2.894936780,2.894936780,0.004062738,PASS,0.000000000
sparsity_speedup,pubmed,1.115278000,1.125679423,1.125679423,0.009326305,PASS,0.000000000
sparsity_ae_dram_ratio,cora,0.879502000,0.930626422,0.930626422,0.058128830,PASS,0.000000000
sparsity_ae_dram_ratio,citeseer,0.339962000,0.336941692,0.336941692,0.008884251,PASS,0.000000000
sparsity_ae_dram_ratio,pubmed,0.896637000,0.885984607,0.885984607,0.011880385,PASS,0.000000000
pipeline_speedup,cora,2.125024000,1.954016983,1.951496392,0.081659128,PASS,-0.001289953
pipeline_speedup,citeseer,1.842621000,2.162621586,2.160007205,0.172247144,PASS,-0.001208894
pipeline_speedup,pubmed,1.366562000,1.629114376,1.627548268,0.190980188,PASS,-0.000961325
pipeline_dram_ratio,cora,0.501466000,0.594713920,0.594713920,0.185950633,PASS,0.000000000
pipeline_dram_ratio,citeseer,0.535832000,0.632559009,0.632559009,0.180517417,PASS,0.000000000
pipeline_dram_ratio,pubmed,0.731763000,0.786438270,0.786438270,0.074717182,PASS,0.000000000
coordination_speedup,aggregate,3.700000000,3.247378697,3.239663480,0.124415276,PASS,-0.002375829
coordination_bandwidth_gain,aggregate,4.000000000,3.247378697,3.239663480,0.190084130,PASS,-0.002375829
