capacity_mib,dataset,metric,target,measured,relative_error,result,all_required_pass
4,citeseer,pipeline_dram_ratio,0.535832000,0.642162535,0.198440062,PASS,FAIL
4,citeseer,pipeline_speedup,1.842621000,2.148040088,0.165752528,PASS,FAIL
4,citeseer,sparsity_ae_dram_ratio,0.339962000,0.292966338,0.138237985,PASS,FAIL
4,citeseer,sparsity_speedup,2.883223000,3.305394222,0.146423368,PASS,FAIL
4,cora,pipeline_dram_ratio,0.501466000,0.644068502,0.284371228,FAIL,FAIL
4,cora,pipeline_speedup,2.125024000,1.981120601,0.067718482,PASS,FAIL
4,cora,sparsity_ae_dram_ratio,0.879502000,0.869152429,0.011767535,PASS,FAIL
4,cora,sparsity_speedup,1.082102000,1.143401220,0.056648283,PASS,FAIL
4,pubmed,pipeline_dram_ratio,0.731763000,0.815965626,0.115068165,PASS,FAIL
4,pubmed,pipeline_speedup,1.366562000,1.536622751,0.124444226,PASS,FAIL
4,pubmed,sparsity_ae_dram_ratio,0.896637000,0.859106780,0.041856649,PASS,FAIL
4,pubmed,sparsity_speedup,1.115278000,1.160756621,0.040777833,PASS,FAIL
5,citeseer,pipeline_dram_ratio,0.535832000,0.632559009,0.180517417,PASS,PASS
5,citeseer,pipeline_speedup,1.842621000,2.160007205,0.172247144,PASS,PASS
5,citeseer,sparsity_ae_dram_ratio,0.339962000,0.336941692,0.008884251,PASS,PASS
5,citeseer,sparsity_speedup,2.883223000,2.894936780,0.004062738,PASS,PASS
5,cora,pipeline_dram_ratio,0.501466000,0.594713920,0.185950633,PASS,PASS
5,cora,pipeline_speedup,2.125024000,1.951496392,0.081659128,PASS,PASS
5,cora,sparsity_ae_dram_ratio,0.879502000,0.930626422,0.058128830,PASS,PASS
5,cora,sparsity_speedup,1.082102000,1.067694848,0.013314042,PASS,PASS
5,pubmed,pipeline_dram_ratio,0.731763000,0.786438270,0.074717182,PASS,PASS
5,pubmed,pipeline_speedup,1.366562000,1.627548268,0.190980188,PASS,PASS
5,pubmed,sparsity_ae_dram_ratio,0.896637000,0.885984607,0.011880385,PASS,PASS
5,pubmed,sparsity_speedup,1.115278000,1.125679423,0.009326305,PASS,PASS
6,citeseer,pipeline_dram_ratio,0.535832000,0.625970280,0.168221159,PASS,FAIL
6,citeseer,pipeline_speedup,1.842621000,2.153695795,0.168821909,PASS,FAIL
6,citeseer,sparsity_ae_dram_ratio,0.339962000,0.409171174,0.203579148,FAIL,FAIL
6,citeseer,sparsity_speedup,2.883223000,2.381564452,0.173992282,PASS,FAIL
6,cora,pipeline_dram_ratio,0.501466000,0.586798647,0.170166367,PASS,FAIL
6,cora,pipeline_speedup,2.125024000,1.895806133,0.107866013,PASS,FAIL
6,cora,sparsity_ae_dram_ratio,0.879502000,0.899193576,0.022389461,PASS,FAIL
6,cora,sparsity_speedup,1.082102000,1.105895078,0.021987833,PASS,FAIL
6,pubmed,pipeline_dram_ratio,0.731763000,0.765610265,0.046254409,PASS,FAIL
6,pubmed,pipeline_speedup,1.366562000,1.728538694,0.264881281,FAIL,FAIL
6,pubmed,sparsity_ae_dram_ratio,0.896637000,0.893645988,0.003335812,PASS,FAIL
6,pubmed,sparsity_speedup,1.115278000,1.116470335,0.001069092,PASS,FAIL
