original_file,original_bytes,original_sha256,compressed_file,compressed_bytes,compressed_sha256
paper_paper_gcn_citeseer_latency-aware_independent_sparse-off_priority-batch-class_mapping-low-bits_seed-1_scope-aggregation_layer-0.json,40811587,e27007c40f3079d86093ec1d8c788119f597c9d9ff3a1bf77acaf6641aa7aca6,paper_paper_gcn_citeseer_latency-aware_independent_sparse-off_priority-batch-class_mapping-low-bits_seed-1_scope-aggregation_layer-0.json.gz,743826,ee01966e23d63dc0ba7f89a9190db99158a72857e72bb6e7bf33d83f0576fe84
paper_paper_gcn_citeseer_latency-aware_independent_sparse-on_priority-batch-class_mapping-low-bits_seed-1_layer-0.json,16056569,76ddb7d15257a0ec9dec350e1f0e9a926bb6df9d85763e4a793e047cf202e86b,paper_paper_gcn_citeseer_latency-aware_independent_sparse-on_priority-batch-class_mapping-low-bits_seed-1_layer-0.json.gz,452896,4fad5f2b9225bd1e1d7e802b192b01336d37ae2078d9c8a44e61ad4c0f6d6a61
paper_paper_gcn_citeseer_latency-aware_independent_sparse-on_priority-batch-class_mapping-low-bits_seed-1_scope-aggregation_layer-0.json,15898974,0daf6fd6ae85de26113d071bd7b7c4d5016f132d31a1317d64867aebe5c42d9f,paper_paper_gcn_citeseer_latency-aware_independent_sparse-on_priority-batch-class_mapping-low-bits_seed-1_scope-aggregation_layer-0.json.gz,412143,f1279db77823c23bb3b4f4b04f339832c56422509e99123bbc0bc478b0a9efe7
paper_paper_gcn_citeseer_latency-aware_independent_sparse-on_priority-batch-class_mapping-row-first_seed-1_layer-0.json,24462945,edbc58b2a015426c47afed75169dceae9b0eda3874c27bac7b5963bf3db8f948,paper_paper_gcn_citeseer_latency-aware_independent_sparse-on_priority-batch-class_mapping-row-first_seed-1_layer-0.json.gz,3323669,45b8b71c7ee56717d831711acc205b915fb3c0ac5eebe47d77efe2bfc6282fba
paper_paper_gcn_citeseer_latency-aware_independent_sparse-on_priority-fifo_mapping-low-bits_seed-1_layer-0.json,14969784,cfd0243b3b42b1700b0a2744ca204b9dac5f68357c9f4a78ac2515eb525743df,paper_paper_gcn_citeseer_latency-aware_independent_sparse-on_priority-fifo_mapping-low-bits_seed-1_layer-0.json.gz,543701,c19848a6ac8198bece3a5d9330509a962c0e50b32ed937c0698eccf147768406
paper_paper_gcn_citeseer_latency-aware_independent_sparse-on_priority-fifo_mapping-row-first_seed-1_layer-0.json,23350185,d8be097d2a71860335c264726025c300a0d7bad4af0f4a17ce0bb9731bab8efa,paper_paper_gcn_citeseer_latency-aware_independent_sparse-on_priority-fifo_mapping-row-first_seed-1_layer-0.json.gz,2514458,b57dbc8fbc25c13d8479abc62bed56bd58786721ab86a2cc966a0d5ed4edf69b
paper_paper_gcn_citeseer_sequential_independent_sparse-on_priority-batch-class_mapping-low-bits_seed-1_layer-0.json,21896375,c0759e1fb8b7c2c0614b7162f19050b7fb65f00fe7bcce62171841fd6b9a9c3e,paper_paper_gcn_citeseer_sequential_independent_sparse-on_priority-batch-class_mapping-low-bits_seed-1_layer-0.json.gz,436217,ca514e9713fc3c193a1952c5cd0be1dda9f55e301b5b670b528542c3b8d7c785
paper_paper_gcn_cora_latency-aware_independent_sparse-off_priority-batch-class_mapping-low-bits_seed-1_scope-aggregation_layer-0.json,3686852,e75d9d73c4df3ea44c5fa95e6779ad6389d515aae91e000653b1c1c80ceade3f,paper_paper_gcn_cora_latency-aware_independent_sparse-off_priority-batch-class_mapping-low-bits_seed-1_scope-aggregation_layer-0.json.gz,70912,cca9feadb2daad2a7d9463c9f81aa62a29b96e0c85de3bbae8d58cebbb5cd054
paper_paper_gcn_cora_latency-aware_independent_sparse-on_priority-batch-class_mapping-low-bits_seed-1_layer-0.json,3589470,d16439ec5d8b11b61ab79f075f6350dfb0aa260430aea625ab86c159b6fb116f,paper_paper_gcn_cora_latency-aware_independent_sparse-on_priority-batch-class_mapping-low-bits_seed-1_layer-0.json.gz,79639,416623802581289527510263674d6daf1d6d7c4936042fecb7ed38f410c90e06
paper_paper_gcn_cora_latency-aware_independent_sparse-on_priority-batch-class_mapping-low-bits_seed-1_scope-aggregation_layer-0.json,3454276,9480114161a0a6e6943d8415873dd171211def4cf1cb665011d3fbebd6ea71db,paper_paper_gcn_cora_latency-aware_independent_sparse-on_priority-batch-class_mapping-low-bits_seed-1_scope-aggregation_layer-0.json.gz,76301,e93d1893e8435595b48495e958124fce4e4f52db91a27028021113dc99d7af40
paper_paper_gcn_cora_latency-aware_independent_sparse-on_priority-batch-class_mapping-row-first_seed-1_layer-0.json,6105684,f3977e7568a67a966e8d4ce56e39d09a1c56c455b7ea4a94442b655f9891d36d,paper_paper_gcn_cora_latency-aware_independent_sparse-on_priority-batch-class_mapping-row-first_seed-1_layer-0.json.gz,774600,25b460aff496657e7c0619c33dec3ed1b1b57188acbd5b4ae69cf67304d42a14
paper_paper_gcn_cora_latency-aware_independent_sparse-on_priority-fifo_mapping-low-bits_seed-1_layer-0.json,3666553,5742bae0d3e832c2812102a09e90c999be41da362916157a4dd3a97b0030529b,paper_paper_gcn_cora_latency-aware_independent_sparse-on_priority-fifo_mapping-low-bits_seed-1_layer-0.json.gz,92389,ab9a6c60865f812800c216521f61ede029061e228ace6ada089a7dece74342a4
paper_paper_gcn_cora_latency-aware_independent_sparse-on_priority-fifo_mapping-row-first_seed-1_layer-0.json,5794411,ccef6272041029c0146fb8e525c0a4d6c6e1a43f50d6551ae99a733cd367ffb4,paper_paper_gcn_cora_latency-aware_independent_sparse-on_priority-fifo_mapping-row-first_seed-1_layer-0.json.gz,519017,58e59a4a40f900d896d5e352085311df330f1e76291a07c79a567810cfddedae
paper_paper_gcn_cora_sequential_independent_sparse-on_priority-batch-class_mapping-low-bits_seed-1_layer-0.json,5314709,dea3f4c81daae92073a0bfaa17914e7cfdf1a2802c429d7abd6d49bbc048cfa0,paper_paper_gcn_cora_sequential_independent_sparse-on_priority-batch-class_mapping-low-bits_seed-1_layer-0.json.gz,86972,9261598d7ffb61d97615753e39b9f9f1fdfed18b5dc98a7238d3989b3a280019
paper_paper_gcn_pubmed_latency-aware_independent_sparse-off_priority-batch-class_mapping-low-bits_seed-1_scope-aggregation_layer-0.json,26209873,49c6cb4c815a6e05fe7d40d1067da98e2c33b1f7453715280898e04fff44f982,paper_paper_gcn_pubmed_latency-aware_independent_sparse-off_priority-batch-class_mapping-low-bits_seed-1_scope-aggregation_layer-0.json.gz,455542,df86ea562b15c9f46b631f4f15e93c28b3269af0916a046fc66bd566433d57b0
paper_paper_gcn_pubmed_latency-aware_independent_sparse-on_priority-batch-class_mapping-low-bits_seed-1_layer-0.json,23456854,8e7ba908f78343f006ed13c95e9f830e9b8e12106aefc9a806b46bddecdea9f8,paper_paper_gcn_pubmed_latency-aware_independent_sparse-on_priority-batch-class_mapping-low-bits_seed-1_layer-0.json.gz,562808,35329e219f2e6f32b4e627f126a41164651898976ad2948031b894fd7144d212
paper_paper_gcn_pubmed_latency-aware_independent_sparse-on_priority-batch-class_mapping-low-bits_seed-1_scope-aggregation_layer-0.json,23556925,225ed0e2fea1b7be249610fc511f05c45635cd9f875f803d1b6359971aafa414,paper_paper_gcn_pubmed_latency-aware_independent_sparse-on_priority-batch-class_mapping-low-bits_seed-1_scope-aggregation_layer-0.json.gz,443286,13f1e3b61512129466bad439b19486ce82bf191a0d2534a8616d0f8572cfe635
paper_paper_gcn_pubmed_latency-aware_independent_sparse-on_priority-batch-class_mapping-row-first_seed-1_layer-0.json,39836411,ffb94a9e90120920bce4f71a9b22721e4c963a0df416d3fc7d0317ebd3e8cf52,paper_paper_gcn_pubmed_latency-aware_independent_sparse-on_priority-batch-class_mapping-row-first_seed-1_layer-0.json.gz,5273760,c464a931ffe7f5dbc215065b6ba31bc7ccf8edebce543fd5a520c7ce5dd535a0
paper_paper_gcn_pubmed_latency-aware_independent_sparse-on_priority-fifo_mapping-low-bits_seed-1_layer-0.json,22263507,aa2bfb4b78c6ed98148a7f54108cfb831c50174a78e8cb36ca9e71c04a6ea2ef,paper_paper_gcn_pubmed_latency-aware_independent_sparse-on_priority-fifo_mapping-low-bits_seed-1_layer-0.json.gz,721437,f7ecd3cef9d3e263e7e158df10fb34a7860fa96cd88156a3489a9a864cf786b2
paper_paper_gcn_pubmed_latency-aware_independent_sparse-on_priority-fifo_mapping-row-first_seed-1_layer-0.json,37283827,348138cf8953ebdb8d0e280e30bfb1503d9d74849119fee2fb5e2bace5efacf1,paper_paper_gcn_pubmed_latency-aware_independent_sparse-on_priority-fifo_mapping-row-first_seed-1_layer-0.json.gz,4240387,fa3862fe35dacbc9d5a1d40152a703e7a14dcc0391c53b4486a6a7d53517db38
paper_paper_gcn_pubmed_sequential_independent_sparse-on_priority-batch-class_mapping-low-bits_seed-1_layer-0.json,28696550,f6463a7997627be35b0edd00c21bb6ea27e0481ecbc5f74353dfe02e8ec48e45,paper_paper_gcn_pubmed_sequential_independent_sparse-on_priority-batch-class_mapping-low-bits_seed-1_layer-0.json.gz,473341,a4c3249269620adf60578a384392c21c41b5cbba262ff8d2a04ec43bca7e4461
