scenario,coordination_speedup,coordination_bandwidth_gain,priority_incremental_speedup,priority_incremental_bandwidth_gain,priority_incremental_row_hit_ratio
baseline,1.127634774121,1.127634774121,1.0078132030958893,1.0078132030958893,1.030872335658977
direction_switching_slow,1.127634774121,1.127634774121,1.0078132030958893,1.0078132030958893,1.028108265687016
dram_timing_fast,1.134835392648463,1.134835392648463,1.007918135487423,1.007918135487423,1.0349468687735464
dram_timing_slow,1.1312354229713841,1.1312354229713841,1.001410862682403,1.001410862682403,1.0325360471399903
legacy_12_28_timing,1.1399839928853341,1.1399839928853341,1.007718591645301,1.007718591645301,1.0291162291217395
neighbor_delay_0,1.1276168579870363,1.127616857987036,1.0078037135655549,1.0078037135655549,1.0305883923229333
neighbor_delay_4,1.1276462872685091,1.1276462872685091,1.0078126339259403,1.0078126339259403,1.0319031321636816
row_first_interleave_2,6.48162812949353,6.48162812949353,1.0078132030958893,1.0078132030958893,1.030872335658977
single_hbm_stack_128gbps,1.1399464467328728,1.1399464467328728,1.0120066223447257,1.0120066223447262,1.031634578523833
write_timing_slow,1.1279004588083195,1.1279004588083195,1.0106329271546282,1.0106329271546282,1.0320801291501775
