scenario,coordination_speedup,coordination_bandwidth_gain
baseline,1.127634774121,1.127634774121
direction_switching_slow,1.127634774121,1.127634774121
dram_timing_fast,1.134835392648463,1.134835392648463
dram_timing_slow,1.1312354229713841,1.1312354229713841
legacy_12_28_timing,1.1399839928853341,1.1399839928853341
neighbor_delay_0,1.1276168579870363,1.127616857987036
neighbor_delay_4,1.1276462872685091,1.1276462872685091
row_first_interleave_2,6.48162812949353,6.48162812949353
single_hbm_stack_128gbps,1.1399464467328728,1.1399464467328728
write_timing_slow,1.1279004588083195,1.1279004588083195
