file,git_commit,binary_digest,uncompressed_bytes,uncompressed_sha256,compressed_bytes,compressed_sha256,lossless_roundtrip,cap_free_profile,full_admission_trace,full_command_trace
paper_paper_gcn_citeseer_latency-aware_independent_sparse-off_priority-batch-class_mapping-low-bits_seed-1_scope-aggregation_layer-0.json,685531d4c450,4b748c1c67b3958e,288501643,d92a62736dab97076437d56efac1ffacd5fe2233b19dd35d3c02b2addcf1e006,32675429,735a547637fcdb20780a16b6582d0931545390ea91f8a33f4ea937e3818ccc0d,PASS,PASS,FAIL,PASS
paper_paper_gcn_citeseer_latency-aware_independent_sparse-on_priority-batch-class_mapping-low-bits_seed-1_layer-0.json,685531d4c450,4b748c1c67b3958e,105710831,358cd4193decaab4ce9b3d1e7175947c9b64dbf4c5a02fce4b98de4800c4f05b,14618722,0b976baa8c5dd79f6afe6071fb774395801b710efcdaeca26eefc7a245dd5987,PASS,PASS,FAIL,PASS
paper_paper_gcn_citeseer_latency-aware_independent_sparse-on_priority-batch-class_mapping-low-bits_seed-1_scope-aggregation_layer-0.json,685531d4c450,4b748c1c67b3958e,103435692,9fea937953a47515c8937a8e0bef7435f688a583e25a3345e342c46a67f44009,13593129,676cf52c0ea0c5e67f000dff153c711f5ebd95d0279ee150a09a6ff30c386694,PASS,PASS,FAIL,PASS
paper_paper_gcn_citeseer_latency-aware_independent_sparse-on_priority-batch-class_mapping-row-first_seed-1_layer-0.json,685531d4c450,4b748c1c67b3958e,107996983,d3faefd0ac9762e62a440b6735efbe6c88833c0ee8abfe0b477c073b79b7c7ab,19895536,f27b287fdae0bbd7d60d583a16b8360982675069cfcc8413ebecb5d9bd518651,PASS,PASS,FAIL,PASS
paper_paper_gcn_citeseer_latency-aware_independent_sparse-on_priority-fifo_mapping-low-bits_seed-1_layer-0.json,685531d4c450,4b748c1c67b3958e,107465900,998d6ff9c6aec4d2f0055c46782d6ec8fdf6574b9356f76618668d47f9d5a016,14948236,0457f7dde3a26081f393156f5d55b2476e993e381fb4e9ea7fa9a72647c4a16f,PASS,PASS,FAIL,PASS
paper_paper_gcn_citeseer_latency-aware_independent_sparse-on_priority-fifo_mapping-row-first_seed-1_layer-0.json,685531d4c450,4b748c1c67b3958e,105769854,fc496fa62b3e368a43d4f938668640b11410b71bc3d9b145f4ee046923fb20bc,14275510,36b535be896ccce9b7b837c9091f958beda99f1d80c842ad5e3faf4cb6088fa0,PASS,PASS,FAIL,PASS
paper_paper_gcn_citeseer_sequential_independent_sparse-on_priority-batch-class_mapping-low-bits_seed-1_layer-0.json,685531d4c450,4b748c1c67b3958e,164107641,e424ebc87a1f8a8246c87d6110cc2df7f730c101c5f23e4c94b7caa7398937e8,20104503,4f1b5bf34b0f90c6de5f8c103e6722f715f5cc97875fe569abd4cab198473d49,PASS,PASS,FAIL,PASS
paper_paper_gcn_cora_latency-aware_independent_sparse-off_priority-batch-class_mapping-low-bits_seed-1_scope-aggregation_layer-0.json,685531d4c450,4b748c1c67b3958e,27225610,f77cfd042bb52c64ab83da505bd0570fd3745353d64581c7910cd7b18012a686,3081622,71ce46e9e36251103850960f0b4dc49fb1275d4c40142993345ab23a47c48652,PASS,PASS,FAIL,PASS
paper_paper_gcn_cora_latency-aware_independent_sparse-on_priority-batch-class_mapping-low-bits_seed-1_layer-0.json,685531d4c450,4b748c1c67b3958e,26672598,606d5ab23244e80588e0f86bb3934d04056e7ad30d1389ad0de22433c67d6403,3389936,8800a48ca39777aefdd8ff9537a21a4ddf8b70be10ff5c25adb1982d27ae094e,PASS,PASS,FAIL,PASS
paper_paper_gcn_cora_latency-aware_independent_sparse-on_priority-batch-class_mapping-low-bits_seed-1_scope-aggregation_layer-0.json,685531d4c450,4b748c1c67b3958e,25408616,50874ae6bb0b1975c6ca3afefca6710608acbfcdf13f00f8c3c3743f8a34f143,3149364,d04c7d9caeb75581ac627752cb9306b8342d4cdc389c91a55b476e1efd8eefcf,PASS,PASS,FAIL,PASS
paper_paper_gcn_cora_latency-aware_independent_sparse-on_priority-batch-class_mapping-row-first_seed-1_layer-0.json,685531d4c450,4b748c1c67b3958e,27212575,270dd99595d3188ff209253b87e4254b2e71f315769d795cbcdbea6eaa012257,4678165,af9dff54c9ad89ea30a89263c7fd93fef7c0139c0f3320788ef350486bf71ab0,PASS,PASS,FAIL,PASS
paper_paper_gcn_cora_latency-aware_independent_sparse-on_priority-fifo_mapping-low-bits_seed-1_layer-0.json,685531d4c450,4b748c1c67b3958e,27407157,93f6ac2927e1bc274e9cd0f78740217915c98806e2c2302c16a82a0d552a1284,3537876,05512d51426dc3775f791384f0ec90b8cbcf2e571d04ebc30843bab32087b91e,PASS,PASS,FAIL,PASS
paper_paper_gcn_cora_latency-aware_independent_sparse-on_priority-fifo_mapping-row-first_seed-1_layer-0.json,685531d4c450,4b748c1c67b3958e,26802743,83cf44b5e64c4e350a54c5dd6e087c353f2bc21eae31844cebc2df05af7b6a21,3140399,c244e7dc12eacadd9738c0443cc389350ae51d2d0298ca27cd4c7595480712eb,PASS,PASS,FAIL,PASS
paper_paper_gcn_cora_sequential_independent_sparse-on_priority-batch-class_mapping-low-bits_seed-1_layer-0.json,685531d4c450,4b748c1c67b3958e,44612457,df6fc6bcec3e88c8c7356ead74ed7f1eb84a3c0d0d0e40a09566705ec29879ae,5240995,8201d732e3b75d3cdbe2958b2859b9dac7ae67aa584d66e117063d9af1a18b90,PASS,PASS,FAIL,PASS
paper_paper_gcn_pubmed_latency-aware_independent_sparse-off_priority-batch-class_mapping-low-bits_seed-1_scope-aggregation_layer-0.json,685531d4c450,4b748c1c67b3958e,188409371,84b84376d41f0b07f6d6d2d68fb3ecac8717b722e391c73cecbd922bf2962831,19674341,654163e9d455bcf872033a96537e8c6766f6e3af8dc27cf93a9bfc0760933e33,PASS,PASS,FAIL,PASS
paper_paper_gcn_pubmed_latency-aware_independent_sparse-on_priority-batch-class_mapping-low-bits_seed-1_layer-0.json,685531d4c450,4b748c1c67b3958e,174127238,70fee8039adc9551227e42bfd6f160cd278ad5cb100e5f66e6e127a4247147f4,21141458,9345c27bc2d50f3e2ae5e39c060b8432ad5055b3aba0617688317780e8aff96b,PASS,PASS,FAIL,PASS
paper_paper_gcn_pubmed_latency-aware_independent_sparse-on_priority-batch-class_mapping-low-bits_seed-1_scope-aggregation_layer-0.json,685531d4c450,4b748c1c67b3958e,167873061,14f2adf4f7a86add76dfe1e754851fb5d05083335be37039afce69d0985cd139,18058103,7f3d9df403fc91d277ea7bcd566f2be95a8b0fcd28b31cb64af3d333d791b42b,PASS,PASS,FAIL,PASS
paper_paper_gcn_pubmed_latency-aware_independent_sparse-on_priority-batch-class_mapping-row-first_seed-1_layer-0.json,685531d4c450,4b748c1c67b3958e,180960139,f6dc6547a088a47e031850c013202a8f16b464ae7f16ae6f9df2d05412aea608,31590110,f7ecf0fc31815e7a5a8bb36c288ed7d0e4b54c01035c567a6a0d764c3bd5338d,PASS,PASS,FAIL,PASS
paper_paper_gcn_pubmed_latency-aware_independent_sparse-on_priority-fifo_mapping-low-bits_seed-1_layer-0.json,685531d4c450,4b748c1c67b3958e,176737974,55f851420ed5f4d0eb08fc6928236f8f2cb22067b3e989c2a82aea17cc8fdb4c,22975031,9accca093f83f78efd8cb48a8e9d32810df15a8447530fbadb9ed10503fe7be8,PASS,PASS,FAIL,PASS
paper_paper_gcn_pubmed_latency-aware_independent_sparse-on_priority-fifo_mapping-row-first_seed-1_layer-0.json,685531d4c450,4b748c1c67b3958e,175726222,9d8f80179213595b15ba2a865e5d5ac38157f39405dd35abd9ee4539b3a52ad2,22887667,8d448fdffad5c01cb6b572daf3e166a3266df6f299e4ba3f3aefdbccffe0c568,PASS,PASS,FAIL,PASS
paper_paper_gcn_pubmed_sequential_independent_sparse-on_priority-batch-class_mapping-low-bits_seed-1_layer-0.json,685531d4c450,4b748c1c67b3958e,221479325,987d3caef7c0557c12553eff940d3cec27fb716f3e65a5cdaa9cdf9a785f2465,24919033,8bade03a670fc65de4d595d15d65d1ac9b97f7caa618cc9421387e739d06db11,PASS,PASS,FAIL,PASS
