metric,before,after,delta,relative_delta
aggregate.coordination_active_bandwidth_gain,4.733432056893878,1.1502065231010559,-3.583225533792822,-0.7570036900760266
aggregate.coordination_bandwidth_gain,4.208020114189668,1.127634774121,-3.080385340068668,-0.7320272376268936
aggregate.coordination_speedup,4.208020114189669,1.127634774121,-3.080385340068669,-0.7320272376268937
aggregate.mapping_bandwidth_gain,4.049283837398504,1.1188914828238592,-2.930392354574645,-0.7236816366168344
aggregate.mapping_speedup,4.049283837398504,1.1188914828238592,-2.930392354574645,-0.7236816366168344
aggregate.priority_bandwidth_gain,3.7346374777049074,1.0006345699466845,-2.7340029077582226,-0.7320664787625875
aggregate.priority_incremental_bandwidth_gain,1.03780199908443,1.0078132030958893,-0.029988795988540762,-0.02889645232423669
aggregate.priority_incremental_bandwidth_gain_aggregate,1.03780199908443,1.0078132030958893,-0.029988795988540762,-0.02889645232423669
aggregate.priority_incremental_row_hit_ratio,1.0527164229589256,1.030872335658977,-0.021844087299948578,-0.020750210430412256
aggregate.priority_incremental_row_hit_ratio_aggregate,1.0527164229589256,1.030872335658977,-0.021844087299948578,-0.020750210430412256
aggregate.priority_incremental_speedup,1.0378019990844303,1.0078132030958893,-0.029988795988540984,-0.028896452324236897
aggregate.priority_incremental_speedup_aggregate,1.0378019990844303,1.0078132030958893,-0.029988795988540984,-0.028896452324236897
aggregate.priority_speedup,3.734637477704908,1.0006345699466845,-2.7340029077582235,-0.7320664787625876
per_dataset.citeseer.coordination_active_bandwidth_gain,4.730502092855567,1.2898238507061814,-3.440678242149386,-0.7273389113062247
per_dataset.citeseer.coordination_bandwidth_gain,4.333263711537914,1.2531597671015318,-3.080103944436382,-0.7108046381380342
per_dataset.citeseer.coordination_speedup,4.333263711537914,1.2531597671015315,-3.080103944436382,-0.7108046381380342
per_dataset.citeseer.mapping_bandwidth_gain,4.162819574048933,1.2409908306661634,-2.921828743382769,-0.7018869521988137
per_dataset.citeseer.mapping_speedup,4.162819574048933,1.2409908306661634,-2.921828743382769,-0.7018869521988137
per_dataset.citeseer.priority_bandwidth_gain,3.609304695275353,1.0437941774202477,-2.565510517855105,-0.7108046381380342
per_dataset.citeseer.priority_incremental_bandwidth_gain,1.0409443970503867,1.0098058230042166,-0.031138574046170042,-0.029913772661060576
per_dataset.citeseer.priority_incremental_bandwidth_gain_aggregate,1.0409443970503867,1.0098058230042166,-0.031138574046170042,-0.029913772661060576
per_dataset.citeseer.priority_incremental_row_hit_ratio,1.0371310966138552,1.0285452414542067,-0.008585855159648492,-0.008278466615918257
per_dataset.citeseer.priority_incremental_row_hit_ratio_aggregate,1.0371310966138552,1.0285452414542067,-0.008585855159648492,-0.008278466615918257
per_dataset.citeseer.priority_incremental_speedup,1.0409443970503867,1.0098058230042166,-0.031138574046170042,-0.029913772661060576
per_dataset.citeseer.priority_incremental_speedup_aggregate,1.0409443970503867,1.0098058230042166,-0.031138574046170042,-0.029913772661060576
per_dataset.citeseer.priority_speedup,3.609304695275353,1.0437941774202477,-2.565510517855105,-0.7108046381380342
per_dataset.cora.coordination_active_bandwidth_gain,4.738098803640659,1.057261074782165,-3.680837728858494,-0.7768596395732004
per_dataset.cora.coordination_bandwidth_gain,3.61767246205275,1.030097887109931,-2.5875745749428187,-0.7152594940766334
per_dataset.cora.coordination_speedup,3.61767246205275,1.030097887109931,-2.5875745749428187,-0.7152594940766334
per_dataset.cora.mapping_bandwidth_gain,3.555863868789573,1.018478909768045,-2.5373849590215283,-0.713577643197365
per_dataset.cora.mapping_speedup,3.5558638687895736,1.0184789097680451,-2.5373849590215283,-0.713577643197365
per_dataset.cora.priority_bandwidth_gain,3.459607663186876,0.9850904363121868,-2.4745172268746893,-0.7152594940766335
per_dataset.cora.priority_incremental_bandwidth_gain,1.0173821595943764,1.0114081668559365,-0.005973992738439904,-0.005871925983862048
per_dataset.cora.priority_incremental_bandwidth_gain_aggregate,1.0173821595943764,1.0114081668559365,-0.005973992738439904,-0.005871925983862048
per_dataset.cora.priority_incremental_row_hit_ratio,1.0507095484024842,1.040704700120842,-0.010004848281642165,-0.009521992349697115
per_dataset.cora.priority_incremental_row_hit_ratio_aggregate,1.0507095484024842,1.040704700120842,-0.010004848281642165,-0.009521992349697115
per_dataset.cora.priority_incremental_speedup,1.0173821595943764,1.0114081668559365,-0.005973992738439904,-0.005871925983862048
per_dataset.cora.priority_incremental_speedup_aggregate,1.0173821595943764,1.0114081668559365,-0.005973992738439904,-0.005871925983862048
per_dataset.cora.priority_speedup,3.459607663186876,0.985090436312187,-2.4745172268746893,-0.7152594940766335
per_dataset.pubmed.coordination_active_bandwidth_gain,4.731695274185405,1.103534643814822,-3.6281606303705836,-0.7667781672595552
per_dataset.pubmed.coordination_bandwidth_gain,4.67312416897834,1.0996466681515378,-3.5734775008268027,-0.7646870426745054
per_dataset.pubmed.coordination_speedup,4.673124168978341,1.0996466681515378,-3.5734775008268036,-0.7646870426745055
per_dataset.pubmed.mapping_bandwidth_gain,4.429168069357006,1.0972047080373692,-3.331963361319637,-0.7522774726865008
per_dataset.pubmed.mapping_speedup,4.429168069357007,1.0972047080373692,-3.3319633613196378,-0.7522774726865009
per_dataset.pubmed.priority_bandwidth_gain,4.135000074652492,0.9730190961076189,-3.161980978544873,-0.7646870426745054
per_dataset.pubmed.priority_incremental_bandwidth_gain,1.055079440608527,1.0022256194275145,-0.05285382118101256,-0.050094636618574065
per_dataset.pubmed.priority_incremental_bandwidth_gain_aggregate,1.055079440608527,1.0022256194275145,-0.05285382118101256,-0.050094636618574065
per_dataset.pubmed.priority_incremental_row_hit_ratio,1.0703086238604373,1.0233670654018825,-0.046941558458554855,-0.04385796527476713
per_dataset.pubmed.priority_incremental_row_hit_ratio_aggregate,1.0703086238604373,1.0233670654018825,-0.046941558458554855,-0.04385796527476713
per_dataset.pubmed.priority_incremental_speedup,1.0550794406085273,1.0022256194275148,-0.05285382118101256,-0.05009463661857405
per_dataset.pubmed.priority_incremental_speedup_aggregate,1.0550794406085273,1.0022256194275148,-0.05285382118101256,-0.05009463661857405
per_dataset.pubmed.priority_speedup,4.135000074652493,0.973019096107619,-3.161980978544874,-0.7646870426745054
