scenario,changes,scope,metric,measured
baseline,{},citeseer,coordination_bandwidth_gain,3.455834463392261
baseline,{},citeseer,coordination_speedup,3.455834463392261
baseline,{},citeseer,priority_incremental_bandwidth_gain,1.0000466192156179
baseline,{},citeseer,priority_incremental_row_hit_ratio,1.1993699840341134
baseline,{},citeseer,priority_incremental_speedup,1.0000466192156179
baseline,{},cora,coordination_bandwidth_gain,2.9118569938207206
baseline,{},cora,coordination_speedup,2.9118569938207206
baseline,{},cora,priority_incremental_bandwidth_gain,1.0018176711339377
baseline,{},cora,priority_incremental_row_hit_ratio,1.069778945213891
baseline,{},cora,priority_incremental_speedup,1.001817671133938
baseline,{},pubmed,coordination_bandwidth_gain,3.6456066445148907
baseline,{},pubmed,coordination_speedup,3.6456066445148907
baseline,{},pubmed,priority_incremental_bandwidth_gain,0.9999864273008058
baseline,{},pubmed,priority_incremental_row_hit_ratio,1.069892489813058
baseline,{},pubmed,priority_incremental_speedup,0.9999864273008058
baseline,{},aggregate,coordination_bandwidth_gain,3.3377660339092903
baseline,{},aggregate,coordination_speedup,3.3377660339092903
baseline,{},aggregate,priority_incremental_bandwidth_gain,1.0006169058834538
baseline,{},aggregate,priority_incremental_row_hit_ratio,1.1130138063536874
baseline,{},aggregate,priority_incremental_speedup,1.0006169058834538
dram_timing_fast,"{""memory.hbm_row_hit_cycles"":10,""memory.hbm_row_miss_cycles"":24}",citeseer,coordination_bandwidth_gain,2.9695490912581155
dram_timing_fast,"{""memory.hbm_row_hit_cycles"":10,""memory.hbm_row_miss_cycles"":24}",citeseer,coordination_speedup,2.9695490912581155
dram_timing_fast,"{""memory.hbm_row_hit_cycles"":10,""memory.hbm_row_miss_cycles"":24}",citeseer,priority_incremental_bandwidth_gain,0.9999862883155882
dram_timing_fast,"{""memory.hbm_row_hit_cycles"":10,""memory.hbm_row_miss_cycles"":24}",citeseer,priority_incremental_row_hit_ratio,1.0410385400072664
dram_timing_fast,"{""memory.hbm_row_hit_cycles"":10,""memory.hbm_row_miss_cycles"":24}",citeseer,priority_incremental_speedup,0.9999862883155881
dram_timing_fast,"{""memory.hbm_row_hit_cycles"":10,""memory.hbm_row_miss_cycles"":24}",cora,coordination_bandwidth_gain,2.5278361850341886
dram_timing_fast,"{""memory.hbm_row_hit_cycles"":10,""memory.hbm_row_miss_cycles"":24}",cora,coordination_speedup,2.527836185034188
dram_timing_fast,"{""memory.hbm_row_hit_cycles"":10,""memory.hbm_row_miss_cycles"":24}",cora,priority_incremental_bandwidth_gain,1.001849860357613
dram_timing_fast,"{""memory.hbm_row_hit_cycles"":10,""memory.hbm_row_miss_cycles"":24}",cora,priority_incremental_row_hit_ratio,1.0703184389263118
dram_timing_fast,"{""memory.hbm_row_hit_cycles"":10,""memory.hbm_row_miss_cycles"":24}",cora,priority_incremental_speedup,1.001849860357613
dram_timing_fast,"{""memory.hbm_row_hit_cycles"":10,""memory.hbm_row_miss_cycles"":24}",pubmed,coordination_bandwidth_gain,3.1383612692956646
dram_timing_fast,"{""memory.hbm_row_hit_cycles"":10,""memory.hbm_row_miss_cycles"":24}",pubmed,coordination_speedup,3.138361269295664
dram_timing_fast,"{""memory.hbm_row_hit_cycles"":10,""memory.hbm_row_miss_cycles"":24}",pubmed,priority_incremental_bandwidth_gain,0.9999898203892513
dram_timing_fast,"{""memory.hbm_row_hit_cycles"":10,""memory.hbm_row_miss_cycles"":24}",pubmed,priority_incremental_row_hit_ratio,1.0700489150584611
dram_timing_fast,"{""memory.hbm_row_hit_cycles"":10,""memory.hbm_row_miss_cycles"":24}",pubmed,priority_incremental_speedup,0.9999898203892513
dram_timing_fast,"{""memory.hbm_row_hit_cycles"":10,""memory.hbm_row_miss_cycles"":24}",aggregate,coordination_bandwidth_gain,2.8785821818626562
dram_timing_fast,"{""memory.hbm_row_hit_cycles"":10,""memory.hbm_row_miss_cycles"":24}",aggregate,coordination_speedup,2.8785821818626562
dram_timing_fast,"{""memory.hbm_row_hit_cycles"":10,""memory.hbm_row_miss_cycles"":24}",aggregate,priority_incremental_bandwidth_gain,1.000608656354151
dram_timing_fast,"{""memory.hbm_row_hit_cycles"":10,""memory.hbm_row_miss_cycles"":24}",aggregate,priority_incremental_row_hit_ratio,1.0604686313306797
dram_timing_fast,"{""memory.hbm_row_hit_cycles"":10,""memory.hbm_row_miss_cycles"":24}",aggregate,priority_incremental_speedup,1.0006086563541507
dram_timing_slow,"{""memory.hbm_row_hit_cycles"":14,""memory.hbm_row_miss_cycles"":32}",citeseer,coordination_bandwidth_gain,3.901643080677322
dram_timing_slow,"{""memory.hbm_row_hit_cycles"":14,""memory.hbm_row_miss_cycles"":32}",citeseer,coordination_speedup,3.901643080677322
dram_timing_slow,"{""memory.hbm_row_hit_cycles"":14,""memory.hbm_row_miss_cycles"":32}",citeseer,priority_incremental_bandwidth_gain,1.001116405012085
dram_timing_slow,"{""memory.hbm_row_hit_cycles"":14,""memory.hbm_row_miss_cycles"":32}",citeseer,priority_incremental_row_hit_ratio,1.0405221314997852
dram_timing_slow,"{""memory.hbm_row_hit_cycles"":14,""memory.hbm_row_miss_cycles"":32}",citeseer,priority_incremental_speedup,1.0011164050120853
dram_timing_slow,"{""memory.hbm_row_hit_cycles"":14,""memory.hbm_row_miss_cycles"":32}",cora,coordination_bandwidth_gain,3.27850105418427
dram_timing_slow,"{""memory.hbm_row_hit_cycles"":14,""memory.hbm_row_miss_cycles"":32}",cora,coordination_speedup,3.27850105418427
dram_timing_slow,"{""memory.hbm_row_hit_cycles"":14,""memory.hbm_row_miss_cycles"":32}",cora,priority_incremental_bandwidth_gain,1.0023448585469092
dram_timing_slow,"{""memory.hbm_row_hit_cycles"":14,""memory.hbm_row_miss_cycles"":32}",cora,priority_incremental_row_hit_ratio,1.0678748440503867
dram_timing_slow,"{""memory.hbm_row_hit_cycles"":14,""memory.hbm_row_miss_cycles"":32}",cora,priority_incremental_speedup,1.0023448585469092
dram_timing_slow,"{""memory.hbm_row_hit_cycles"":14,""memory.hbm_row_miss_cycles"":32}",pubmed,coordination_bandwidth_gain,4.150923144251924
dram_timing_slow,"{""memory.hbm_row_hit_cycles"":14,""memory.hbm_row_miss_cycles"":32}",pubmed,coordination_speedup,4.150923144251924
dram_timing_slow,"{""memory.hbm_row_hit_cycles"":14,""memory.hbm_row_miss_cycles"":32}",pubmed,priority_incremental_bandwidth_gain,1.0003335187155635
dram_timing_slow,"{""memory.hbm_row_hit_cycles"":14,""memory.hbm_row_miss_cycles"":32}",pubmed,priority_incremental_row_hit_ratio,1.0758747826254047
dram_timing_slow,"{""memory.hbm_row_hit_cycles"":14,""memory.hbm_row_miss_cycles"":32}",pubmed,priority_incremental_speedup,1.0003335187155635
dram_timing_slow,"{""memory.hbm_row_hit_cycles"":14,""memory.hbm_row_miss_cycles"":32}",aggregate,coordination_bandwidth_gain,3.777022426371172
dram_timing_slow,"{""memory.hbm_row_hit_cycles"":14,""memory.hbm_row_miss_cycles"":32}",aggregate,coordination_speedup,3.777022426371172
dram_timing_slow,"{""memory.hbm_row_hit_cycles"":14,""memory.hbm_row_miss_cycles"":32}",aggregate,priority_incremental_bandwidth_gain,1.0012649274248526
dram_timing_slow,"{""memory.hbm_row_hit_cycles"":14,""memory.hbm_row_miss_cycles"":32}",aggregate,priority_incremental_row_hit_ratio,1.0614239193918589
dram_timing_slow,"{""memory.hbm_row_hit_cycles"":14,""memory.hbm_row_miss_cycles"":32}",aggregate,priority_incremental_speedup,1.0012649274248526
neighbor_delay_0,"{""model.neighbor_index_ready_cycles"":0}",citeseer,coordination_bandwidth_gain,3.442288680686292
neighbor_delay_0,"{""model.neighbor_index_ready_cycles"":0}",citeseer,coordination_speedup,3.442288680686292
neighbor_delay_0,"{""model.neighbor_index_ready_cycles"":0}",citeseer,priority_incremental_bandwidth_gain,0.999983546114072
neighbor_delay_0,"{""model.neighbor_index_ready_cycles"":0}",citeseer,priority_incremental_row_hit_ratio,1.0409811290577085
neighbor_delay_0,"{""model.neighbor_index_ready_cycles"":0}",citeseer,priority_incremental_speedup,0.999983546114072
neighbor_delay_0,"{""model.neighbor_index_ready_cycles"":0}",cora,coordination_bandwidth_gain,2.9059498110088358
neighbor_delay_0,"{""model.neighbor_index_ready_cycles"":0}",cora,coordination_speedup,2.9059498110088358
neighbor_delay_0,"{""model.neighbor_index_ready_cycles"":0}",cora,priority_incremental_bandwidth_gain,1.0018257108234558
neighbor_delay_0,"{""model.neighbor_index_ready_cycles"":0}",cora,priority_incremental_row_hit_ratio,1.0697493037939354
neighbor_delay_0,"{""model.neighbor_index_ready_cycles"":0}",cora,priority_incremental_speedup,1.0018257108234558
neighbor_delay_0,"{""model.neighbor_index_ready_cycles"":0}",pubmed,coordination_bandwidth_gain,3.645791218942802
neighbor_delay_0,"{""model.neighbor_index_ready_cycles"":0}",pubmed,coordination_speedup,3.645791218942802
neighbor_delay_0,"{""model.neighbor_index_ready_cycles"":0}",pubmed,priority_incremental_bandwidth_gain,0.9999898204410633
neighbor_delay_0,"{""model.neighbor_index_ready_cycles"":0}",pubmed,priority_incremental_row_hit_ratio,1.0699077770933003
neighbor_delay_0,"{""model.neighbor_index_ready_cycles"":0}",pubmed,priority_incremental_speedup,0.9999898204410633
neighbor_delay_0,"{""model.neighbor_index_ready_cycles"":0}",aggregate,coordination_bandwidth_gain,3.33134323687931
neighbor_delay_0,"{""model.neighbor_index_ready_cycles"":0}",aggregate,coordination_speedup,3.33134323687931
neighbor_delay_0,"{""model.neighbor_index_ready_cycles"":0}",aggregate,priority_incremental_bandwidth_gain,1.0005996924595304
neighbor_delay_0,"{""model.neighbor_index_ready_cycles"":0}",aggregate,priority_incremental_row_hit_ratio,1.0602127366483147
neighbor_delay_0,"{""model.neighbor_index_ready_cycles"":0}",aggregate,priority_incremental_speedup,1.0005996924595304
neighbor_delay_4,"{""model.neighbor_index_ready_cycles"":4}",citeseer,coordination_bandwidth_gain,3.4509122919114734
neighbor_delay_4,"{""model.neighbor_index_ready_cycles"":4}",citeseer,coordination_speedup,3.4509122919114734
neighbor_delay_4,"{""model.neighbor_index_ready_cycles"":4}",citeseer,priority_incremental_bandwidth_gain,1.0000438766681705
neighbor_delay_4,"{""model.neighbor_index_ready_cycles"":4}",citeseer,priority_incremental_row_hit_ratio,1.1992539246722485
neighbor_delay_4,"{""model.neighbor_index_ready_cycles"":4}",citeseer,priority_incremental_speedup,1.0000438766681703
neighbor_delay_4,"{""model.neighbor_index_ready_cycles"":4}",cora,coordination_bandwidth_gain,2.9051247482164495
neighbor_delay_4,"{""model.neighbor_index_ready_cycles"":4}",cora,coordination_speedup,2.9051247482164495
neighbor_delay_4,"{""model.neighbor_index_ready_cycles"":4}",cora,priority_incremental_bandwidth_gain,1.0018096315734564
neighbor_delay_4,"{""model.neighbor_index_ready_cycles"":4}",cora,priority_incremental_row_hit_ratio,1.0699111338575351
neighbor_delay_4,"{""model.neighbor_index_ready_cycles"":4}",cora,priority_incremental_speedup,1.0018096315734566
neighbor_delay_4,"{""model.neighbor_index_ready_cycles"":4}",pubmed,coordination_bandwidth_gain,3.646202146692037
neighbor_delay_4,"{""model.neighbor_index_ready_cycles"":4}",pubmed,coordination_speedup,3.6462021466920365
neighbor_delay_4,"{""model.neighbor_index_ready_cycles"":4}",pubmed,priority_incremental_bandwidth_gain,0.9999864273008058
neighbor_delay_4,"{""model.neighbor_index_ready_cycles"":4}",pubmed,priority_incremental_row_hit_ratio,1.069886757082967
neighbor_delay_4,"{""model.neighbor_index_ready_cycles"":4}",pubmed,priority_incremental_speedup,0.9999864273008058
neighbor_delay_4,"{""model.neighbor_index_ready_cycles"":4}",aggregate,coordination_bandwidth_gain,3.3340797289399866
neighbor_delay_4,"{""model.neighbor_index_ready_cycles"":4}",aggregate,coordination_speedup,3.3340797289399866
neighbor_delay_4,"{""model.neighbor_index_ready_cycles"":4}",aggregate,priority_incremental_bandwidth_gain,1.0006133118474776
neighbor_delay_4,"{""model.neighbor_index_ready_cycles"":4}",aggregate,priority_incremental_row_hit_ratio,1.113017271870917
neighbor_delay_4,"{""model.neighbor_index_ready_cycles"":4}",aggregate,priority_incremental_speedup,1.0006133118474776
row_first_interleave_2,"{""model.row_first_bank_interleave"":2}",citeseer,coordination_bandwidth_gain,2.7277986269269845
row_first_interleave_2,"{""model.row_first_bank_interleave"":2}",citeseer,coordination_speedup,2.7277986269269845
row_first_interleave_2,"{""model.row_first_bank_interleave"":2}",citeseer,priority_incremental_bandwidth_gain,1.0000466192156179
row_first_interleave_2,"{""model.row_first_bank_interleave"":2}",citeseer,priority_incremental_row_hit_ratio,1.1993699840341134
row_first_interleave_2,"{""model.row_first_bank_interleave"":2}",citeseer,priority_incremental_speedup,1.0000466192156179
row_first_interleave_2,"{""model.row_first_bank_interleave"":2}",cora,coordination_bandwidth_gain,2.4266511515929703
row_first_interleave_2,"{""model.row_first_bank_interleave"":2}",cora,coordination_speedup,2.42665115159297
row_first_interleave_2,"{""model.row_first_bank_interleave"":2}",cora,priority_incremental_bandwidth_gain,1.0018176711339377
row_first_interleave_2,"{""model.row_first_bank_interleave"":2}",cora,priority_incremental_row_hit_ratio,1.069778945213891
row_first_interleave_2,"{""model.row_first_bank_interleave"":2}",cora,priority_incremental_speedup,1.001817671133938
row_first_interleave_2,"{""model.row_first_bank_interleave"":2}",pubmed,coordination_bandwidth_gain,2.9160350413161447
row_first_interleave_2,"{""model.row_first_bank_interleave"":2}",pubmed,coordination_speedup,2.9160350413161447
row_first_interleave_2,"{""model.row_first_bank_interleave"":2}",pubmed,priority_incremental_bandwidth_gain,0.9999864273008058
row_first_interleave_2,"{""model.row_first_bank_interleave"":2}",pubmed,priority_incremental_row_hit_ratio,1.069892489813058
row_first_interleave_2,"{""model.row_first_bank_interleave"":2}",pubmed,priority_incremental_speedup,0.9999864273008058
row_first_interleave_2,"{""model.row_first_bank_interleave"":2}",aggregate,coordination_bandwidth_gain,2.6901616066120333
row_first_interleave_2,"{""model.row_first_bank_interleave"":2}",aggregate,coordination_speedup,2.690161606612033
row_first_interleave_2,"{""model.row_first_bank_interleave"":2}",aggregate,priority_incremental_bandwidth_gain,1.0006169058834538
row_first_interleave_2,"{""model.row_first_bank_interleave"":2}",aggregate,priority_incremental_row_hit_ratio,1.1130138063536874
row_first_interleave_2,"{""model.row_first_bank_interleave"":2}",aggregate,priority_incremental_speedup,1.0006169058834538
