evidence_class,metric,scope,target,measured,relative_error_or_shortfall,result
paper_metric,sparsity_speedup,cora,1.082102000,1.0679031868986035,0.013121510820048728,PASS
paper_metric,sparsity_speedup,citeseer,2.883223000,2.8666581125864443,0.005745267505689214,PASS
paper_metric,sparsity_speedup,pubmed,1.115278000,1.1053664949399669,0.008887026427521328,PASS
paper_metric,sparsity_ae_dram_ratio,cora,0.879502000,0.9306264222606646,0.05812883002047136,PASS
paper_metric,sparsity_ae_dram_ratio,citeseer,0.339962000,0.3369416923226975,0.008884250820098987,PASS
paper_metric,sparsity_ae_dram_ratio,pubmed,0.896637000,0.8859846071002032,0.011880385150062739,PASS
paper_metric,pipeline_speedup,cora,2.125024000,1.951856,0.08148990317285817,PASS
paper_metric,pipeline_speedup,citeseer,1.842621000,2.1795908831878053,0.1828753081549625,PASS
paper_metric,pipeline_speedup,pubmed,1.366562000,1.623950885724036,0.18834775569936515,PASS
paper_metric,pipeline_dram_ratio,cora,0.501466000,0.5947139201101516,0.18595063296445144,PASS
paper_metric,pipeline_dram_ratio,citeseer,0.535832000,0.6325590085913986,0.1805174170101797,PASS
paper_metric,pipeline_dram_ratio,pubmed,0.731763000,0.7864382695970433,0.07471718247170638,PASS
internal_check,priority_incremental_speedup,cora,>=1.005000000,1.06654,0.0,PASS
internal_check,priority_incremental_speedup,citeseer,>=1.005000000,1.0590542887314625,0.0,PASS
internal_check,priority_incremental_speedup,pubmed,>=1.005000000,1.0622614227153526,0.0,PASS
internal_check,priority_incremental_speedup_aggregate,aggregate,>=1.005000000,1.0626185704822717,0.0,PASS
internal_check,priority_incremental_bandwidth_gain,cora,>=1.005000000,1.06654,0.0,PASS
internal_check,priority_incremental_bandwidth_gain,citeseer,>=1.005000000,1.0590542887314622,0.0,PASS
internal_check,priority_incremental_bandwidth_gain,pubmed,>=1.005000000,1.0622614227153526,0.0,PASS
internal_check,priority_incremental_bandwidth_gain_aggregate,aggregate,>=1.005000000,1.0626185704822717,0.0,PASS
internal_check,priority_incremental_row_hit_ratio,cora,>=1.030000000,1.0419814342523541,0.0,PASS
internal_check,priority_incremental_row_hit_ratio,citeseer,>=1.030000000,1.0348898083328397,0.0,PASS
internal_check,priority_incremental_row_hit_ratio,pubmed,>=1.030000000,1.0354270072291656,0.0,PASS
internal_check,priority_incremental_row_hit_ratio_aggregate,aggregate,>=1.030000000,1.0374327499381197,0.0,PASS
paper_metric,coordination_speedup,aggregate,3.700000000,3.265967625312952,0.11730604721271574,PASS
paper_metric,coordination_bandwidth_gain,aggregate,4.000000000,3.265967625312952,0.18350809367176202,PASS
