label,model,dataset,graph_mode,vertices,input_edges,inference_edges,input_features,classes,parameter_count,cpu_median_ms,cpu_p10_ms,cpu_p90_ms,hygcn_cycles,hygcn_latency_ms,measured_speedup,report_target_speedup,target_relative_error_percent,output_checksum
GCN-CS,gcn,citeseer,full graph,3327,9104,9104,3703,6,474886,14.620614,14.408297399999999,14.920120399999998,5363407,10.726814,1.3629968786631335,62.961156112765096,97.83517812757128,2214.490234375
GCN-CR,gcn,cora,full graph,2708,10556,10556,1433,7,184455,8.494238,8.35637,8.78005,1481120,2.96224,2.8675049962190773,206.06909968448042,98.60847405039881,-5226.638671875
GCN-DBLP,gcn,dblp,full graph,17716,105734,105734,1639,4,210436,48.404686,47.7620814,48.89326,12503753,25.007506,1.9356062935664196,55.708031940348754,96.52544484852913,5586.3349609375
GCN-PB,gcn,pubmed,full graph,19717,88648,88648,500,3,64515,31.159519,30.3760592,31.5629384,5318914,10.637828,2.929124159555879,115.88582712264561,97.47240518337424,5444.73681640625
GIN-CS,gin,citeseer,full graph,3327,9104,9104,3703,6,507910,42.53825,42.272525,43.1511908,6896307,13.792614,3.0841325654440848,119.8046118268628,97.4256979606919,-878.4892578125
GIN-CR,gin,cora,full graph,2708,10556,10556,1433,7,217479,21.48566,21.368605,21.8179884,1873514,3.747028,5.734053762074903,281.04655902493323,97.9597495226525,1166.286865234375
GIN-DBLP,gin,dblp,full graph,17716,105734,105734,1639,4,243460,165.901998,165.45706959999998,166.310617,15191713,30.383426,5.460279495801427,210.759142837891,97.4092324431205,24735.6953125
GIN-PB,gin,pubmed,full graph,19717,88648,88648,500,3,97539,73.73933,69.7653846,74.9209134,6756670,13.51334,5.456780485061428,174.6723448833807,96.87599059329935,8424.3369140625
GS-CS,gs,citeseer,deterministic 25-neighbor sampled graph,3327,9104,81975,3703,6,949638,178.37397,177.820968,179.677956,4311050,8.6221,20.687995963860313,203.864714516379,89.85209578178464,-3599.231201171875
GS-CR,gs,cora,deterministic 25-neighbor sampled graph,2708,10556,67700,1433,7,368775,70.218508,69.41789,70.6641434,1257263,2.514526,27.92514692629943,379.2460867896729,92.63666840634099,2017.3585205078125
GS-DBLP,gs,dblp,deterministic 25-neighbor sampled graph,17716,105734,442900,1639,4,420740,484.050792,479.457292,485.1351898,10718566,21.437132,22.58001639398405,290.5511727134847,92.22855781888362,4252.29345703125
GS-PB,gs,pubmed,deterministic 25-neighbor sampled graph,19717,88648,492925,500,3,128899,258.119057,255.55765240000002,259.7969198,4426694,8.853388,29.15483394605545,217.9109385906214,86.62075702366315,-5434.48046875
